Workbook

Sheet Caratula
B17: EVALUACIÓN DE UNIFORMIDAD ESPACIAL Y DENSIDAD DE PLANTAS LOGRADAS
B42: Gdor. Irigoyen 283
B44: Trenque Lauquen
B46: TE: 02392-412732

Sheet Lotes App
A1: EMPRESA | B1: Campo | C1: Lote | D1: Cultivo | E1: Antecesor | F1: Espaciamiento (cm) | G1: Semillero | H1: Genética | I1: Calibre | J1: Densidad siembra Recomendada | K1: Observaciones
A2: AGBA | B2: Launania | C2: Lau_8 | D2: Maiz tardio | E2: Soja | I2: - | J2: 6.3
A3: AL | B3: Auca_Loo | C3: AL_10 | D3: Maiz tardio | E3: Pastura
A4: AL | B4: Auca_Loo | C4: AL_11 | D4: Maiz 2da | E4: Cebada
A5: AL | B5: Auca_Loo | C5: AL_12 | D5: Maiz 2da | E5: Cebada
A6: AL | B6: Auca_Loo | C6: AL_2b | D6: Maiz 2da | E6: Triticale Silo
A7: AL | B7: Auca_Loo | C7: AL_3b | D7: Maiz tardio | E7: Pastura
A8: AL | B8: Auca_Loo | C8: AL_4 | D8: Maiz 2da | E8: Cebada
A9: AL | B9: Auca_Loo | C9: AL_5 | D9: Maiz tardio | E9: Pastura
A10: AL | B10: Auca_Loo | C10: AL_6 | D10: Maiz 2da | E10: Cebada
A11: AL | B11: Auca_Loo | C11: AL_7 | D11: Maiz 2da | E11: Triticale Silo
A12: AL | B12: Auca_Loo | C12: AL_8 | D12: Maiz | E12: Soja 2da | F12: 52.5 | G12: Syngenta | H12: nk979 vip3 | J12: 6
A13: AL | B13: Elunen | C13: E_2 | D13: Maiz tardio | E13: Soja
A14: AL | B14: Elunen | C14: E_7 | D14: Maiz | E14: Soja | F14: 52.5 | G14: La Tijereta | H14: lt725 tre | J14: 6.5
A15: AL | B15: Picucho | C15: Pic_1_norte | D15: Maiz tardio | E15: Soja
A16: AL | B16: Picucho | C16: Pic_1_sur | D16: Maiz tardio | E16: Soja
A17: AL | B17: Picucho | C17: Pic_2_norte | D17: Maiz | E17: Soja | F17: 52.5 | G17: Stine | H17: st9939 vip3 | J17: 4.8
A18: AL | B18: Picucho | C18: Pic_2_sur | D18: Maiz | E18: Soja | F18: 52.5 | G18: Stine | H18: st9939 vip3 | J18: 6
A19: AL | B19: Picucho | C19: Pic_3 | D19: Maiz | E19: Soja | F19: 52.5 | G19: Stine | H19: st9939 vip3 | J19: 6
A20: AL | B20: Picucho | C20: Pic_4 | D20: Maiz | E20: Soja | F20: 52.5 | G20: Stine | H20: st9939 vip3 | J20: 6
A21: C4 | B21: Don_Manuel | C21: DM_1-2-3-4 | D21: Maiz tardio | E21: Cultivo de servicio | F21: 52.5 | G21: Brevant | H21: brv8380 pwue | J21: 4
A22: C4 | B22: Don_Manuel | C22: DM_5 | D22: Maiz tardio | E22: Maiz Silo Tardio | F22: 52.5 | G22: Brevant | H22: brv8380 pwue | J22: 4
A23: C4 | B23: Fino | C23: Fino_1 | D23: Maiz tardio | E23: Girasol | F23: 52.5 | H23: brv8380 pwue | J23: 5.5
A24: C4 | B24: Fino | C24: Fino_2 | D24: Maiz tardio | E24: Soja | F24: 52.5 | H24: brv8380 pwue | J24: 5.5
A25: C4 | B25: Fossati | C25: Fossa_1 | D25: Maiz 2da | E25: Cebada Silo | G25: EBC | H25: maria r plus | J25: 4.5
A26: C4 | B26: Fossati | C26: Fossa_2 | D26: Maiz 2da | E26: Cebada Silo | F26: 52.5 | G26: Brevant | H26: brv8380 pwue | J26: 4
A27: C4 | B27: Los_Chañares | C27: LCh_01 | D27: Maiz tardio | E27: Soja | F27: 52.5 | G27: Dekalb | H27: dk6962 tre | J27: 6.8
A28: C4 | B28: Los_Chañares | C28: LCh_13 | D28: Maiz tardio | E28: Soja 2da | F28: 52.5 | G28: Dekalb | H28: dk6962 tre | J28: 6.8
A29: C4 | B29: Los_Chañares | C29: LCh_16 | D29: Maiz tardio | E29: Soja | F29: 52.5 | G29: Dekalb | H29: dk6962 tre | J29: 6.8
A30: C4 | B30: San_Javier | C30: SJa_1 | D30: Maiz | E30: Maiz Silo Tardio | F30: 52.5 | G30: EBC | H30: maria r plus | J30: 4.5
A31: C4 | B31: San_Javier | C31: SJa_3 | D31: Maiz | E31: Maiz Silo 2da | F31: 52.5 | G31: EBC | H31: maria r plus | J31: 4.5
A32: C4 | B32: San_Javier | C32: SJa_4y5 | D32: Maiz | E32: Maiz Silo 2da | F32: 52.5 | G32: EBC | H32: maria r plus | J32: 4.5
A33: C4 | B33: San_José_RGB | C33: SJo_17 | D33: Maiz | E33: Maiz Silo Tardio | F33: 52.5 | G33: EBC | H33: maria r plus | J33: 4.5
A34: C4 | B34: San_José_RGB | C34: SJo_18a | D34: Maiz tardio | E34: Cultivo de Servicio | F34: 52.5 | G34: Brevant | H34: brv8380 pwue | J34: 6
A35: C4 | B35: San_José_RGB | C35: SJo_18b | D35: Maiz tardio | E35: Pastura | F35: 52.5 | G35: Brevant | H35: brv8380 pwue | J35: 6
A36: C4 | B36: San_José_RGB | C36: SJo_6 | D36: Maiz tardio | E36: Cultivo de servicio | F36: 52.5 | G36: Brevant | H36: brv8380 pwue | J36: 4.5
A37: C4 | B37: San_José_RGB | C37: SJo_8 | D37: Maiz 2da | E37: Cebada Silo | F37: 52.5 | G37: Brevant | H37: brv8380 pwue | J37: 5.5
A38: C4 | B38: San_José_RGB | C38: Sjo_8b | D38: Maiz tardio | E38: Cultivo de servicio | F38: 52.5 | G38: Brevant | H38: brv8380 pwue | J38: 6
A39: C4 | B39: Santa_Margarita | C39: SMta_04_n | D39: Maiz tardio | E39: Soja 2da | G39: EBC | H39: maria r plus | J39: 4.5
A40: C4 | B40: Santa_Margarita | C40: SMta_06 | D40: Maiz tardio | E40: Soja | G40: EBC | H40: maria r plus | J40: 4.5
A41: C4 | B41: Santa_Margarita | C41: SMta_06s | D41: Maiz tardio | E41: Soja 2da | G41: EBC | H41: maria r plus | J41: 6
A42: C4 | B42: Santa_Margarita | C42: SMta_12 | D42: Maiz | E42: Soja 2da | F42: 52.5 | G42: Dekalb | H42: dk6962 tre | J42: 4.5
A43: C4 | B43: Santa_Margarita | C43: SMta_16 | D43: Maiz | E43: Soja | F43: 52.5 | G43: EBC | H43: maria r plus | J43: 4.5
A44: C4 | B44: Santa_Margarita | C44: SMta_18 | D44: Maiz | E44: Soja 2da | F44: 52.5 | G44: Dekalb | H44: dk6962 tre | J44: 4
A45: C4 | B45: Santa_Margarita | C45: SMta_19n | D45: Maiz | E45: Soja | F45: 52.5 | G45: Dekalb | H45: dk6962 tre | J45: 6.8
A46: C4 | B46: Santa_Margarita | C46: SMta_23n | D46: Maiz tardio | E46: Maiz tardio | G46: EBC | H46: maria r plus | J46: 5
A47: C4 | B47: Zemma | C47: Zemma_1 | D47: Maiz tardio | E47: Pastura | F47: 52.5 | G47: EBC | H47: maria r plus | I47: - | J47: 6
A48: ECSRL | B48: La_Magdalena | C48: LMgd_7 | D48: Maiz | E48: Soja 2da | F48: 52.5 | G48: La Tijereta | H48: lt725 tre | J48: 6.5
A49: ECSRL | B49: La_Magdalena | C49: LMgd_8 | D49: Maiz | E49: Soja | F49: 52.5 | G49: Stine | H49: st9939 vip3 | J49: 4.5
A50: ECSRL | B50: San_Pedro | C50: SPe_3 | D50: Maiz tardio | E50: Soja 2da | G50: La Tijereta | H50: lt725 tre | J50: 6
A51: ECSRL | B51: San_Pedro | C51: SPe_4 | D51: Maiz | E51: Girasol | F51: 52.5 | G51: Dekalb | H51: dk6962 tre | J51: 4.5
A52: ENT | B52: Don_Angel | C52: DA_12 | D52: Maiz | E52: Soja | F52: 70 | G52: La Tijereta | H52: lt725 tre | I52: - | J52: 6.5
A53: ENT | B53: Don_Angel | C53: DA_14_sur | D53: Maiz tardio | E53: Cultivo de Servicio | F53: 70 | I53: - | J53: 4.2
A54: ENT | B54: Don_Angel | C54: DA_3 | D54: Maiz tardio | E54: Cultivo de Servicio | F54: 70 | I54: - | J54: 4.2
A55: ENT | B55: Don_Angel | C55: DA_4 | D55: Maiz | E55: Soja 2da | F55: 70 | G55: Stine | H55: st9939 vip3 | I55: - | J55: 6.5
A56: ENT | B56: La_Sofía | C56: LS_1 | D56: Maiz tardio | E56: Soja | F56: 70 | I56: - | J56: 4.8
A57: ENT | B57: La_Sofía | C57: LS_2 | D57: Maiz | E57: Soja | F57: 70 | G57: La Tijereta | H57: lt725 tre | I57: - | J57: 7.1
A58: ENT | B58: Las_Aparancias | C58: LApa_2 | D58: Maiz tardio | E58: Cultivo de Servicio | F58: 70 | J58: 4
A59: ENT | B59: Los_Cuatro | C59: LC_1 | D59: Maiz | E59: Soja | F59: 70 | G59: La Tijereta | H59: lt725 tre | I59: - | J59: 4.7
A60: ENT | B60: Los_Cuatro | C60: LC_3a | D60: Maiz | E60: Soja | F60: 70 | G60: Dekalb | H60: dk6962 tre | I60: - | J60: 7.6
A61: ENT | B61: Los_Cuatro | C61: LC_3b | D61: Maiz | E61: Soja | F61: 70 | G61: Dekalb | H61: dk6962 tre | I61: - | J61: 7.6 | K61: Medición de napa 24/8/26
A62: ENT | B62: Los_Cuatro | C62: LC_6 | D62: Maiz tardio | E62: Soja | F62: 70 | I62: - | J62: 5.2
A63: LP | B63: La_Providencia | C63: LProv_10 | D63: Maiz | E63: Girasol | F63: 52.5 | G63: La Tijereta | H63: lt725 tre | J63: 7
A64: LP | B64: La_Providencia | C64: LProv_2 | D64: Maiz | E64: Soja | F64: 52.5 | G64: La Tijereta | H64: lt725 tre | J64: 7
A65: LP | B65: La_Providencia | C65: LProv_3 | D65: Maiz | E65: Soja | F65: 52.5 | G65: La Tijereta | H65: lt725 tre | J65: 7
A66: LRM | B66: Los_Reyes_Magos | C66: LRM_12 | D66: Maiz tardio | E66: Girasol | F66: 52.5 | G66: Dekalb | H66: dk6962 tre | I66: - | J66: 4.5
A67: LRM | B67: Los_Reyes_Magos | C67: LRM_14y15a | D67: Maiz | E67: Soja | F67: 52.5 | G67: Dekalb | H67: dk7272 tre | I67: - | J67: 6.5
A68: LRM | B68: Los_Reyes_Magos | C68: LRM_15b | D68: Maiz | E68: Pastura | F68: 52.5 | G68: Dekalb | H68: dk7272 tre | I68: - | J68: 6.5
A69: LRM | B69: Los_Reyes_Magos | C69: LRM_3 | D69: Maiz 2da | E69: Cebada
A70: LRM | B70: Los_Reyes_Magos | C70: LRM_3c | D70: Maiz tardio | E70: Soja | G70: Dekalb | H70: dk6962 tre | I70: - | J70: 4.5
A71: LRM | B71: Los_Reyes_Magos | C71: LRM_4 | D71: Maiz 2da | E71: Cebada
A72: LRM | B72: Los_Reyes_Magos | C72: LRM_4c | D72: Maiz tardio | E72: Soja 2da | G72: Dekalb | H72: dk6962 tre | I72: - | J72: 6.2
A73: LRM | B73: Los_Reyes_Magos | C73: LRM_7 | D73: Maiz | E73: Soja | F73: 52.5 | G73: Dekalb | H73: dk6962 tre | I73: - | J73: 5
A74: Ment | B74: La_Helena | C74: LHe_4ayb | D74: Maiz tardio | E74: Soja 2da
A75: Ment | B75: La_Helena | C75: LHe_7 | D75: Maiz | E75: Soja 2da | F75: 52.5 | G75: ACA | H75: aca471 vttp | J75: 4.75
A76: Ment | B76: La_Helena | C76: LHe_8 | D76: Maiz | E76: Soja | F76: 52.5 | G76: Brevant | H76: brv8380 pwue | I76: C19 | J76: 4.75
A77: Ment | B77: La_Helena | C77: LHe_medano | D77: Maiz tardio | E77: Cultivo de Servicio
A78: Ment | B78: La_Helena | C78: Lhe_bajo | D78: Maiz tardio | E78: Soja 2da
A79: RLG | B79: Beneitez | C79: Be_1y2 | D79: Maiz | E79: Soja | F79: 70 | G79: Dekalb | H79: dk7220 rr2 | I79: c4 | J79: 4.8
A80: RLG | B80: EL_Quijote | C80: EQ_1 | D80: Maiz 2da | E80: Trigo
A81: RLG | B81: EL_Quijote | C81: EQ_2 | D81: Maiz 2da | E81: Trigo
A82: RLG | B82: EL_Quijote | C82: EQ_3 | D82: Maiz 2da | E82: Trigo
A83: RLG | B83: EL_Quijote | C83: EQ_5 | D83: Maiz tardio | E83: Soja
A84: RLG | B84: EL_Quijote | C84: EQ_6 | D84: Maiz tardio | E84: Soja
A85: RLG | B85: EL_Quijote | C85: EQ_7 | D85: Maiz tardio | E85: Soja
A86: RLG | B86: Goñi | C86: Go_1 | D86: Maiz | E86: Soja | F86: 70 | G86: Dekalb | H86: dk6962 rib | I86: spc | J86: 6.5
A87: RLG | B87: Goñi | C87: Go_2 | D87: Maiz | E87: Soja | F87: 70 | G87: Dekalb | H87: dk6962 rib | I87: r4 | J87: 6.5
A88: RLG | B88: La_Casualidad | C88: LCas_1y2 | D88: Maiz tardio | E88: Soja 2da
A89: RLG | B89: La_Casualidad | C89: LCas_3 | D89: Maiz tardio | E89: Soja 2da
A90: RLG | B90: La_Casualidad | C90: LCas_4-5-6 | D90: Maiz tardio | E90: Soja 2da
A91: RLG | B91: La_Chance | C91: LChan | D91: Maiz tardio | E91: Soja 2da
A92: RLG | B92: Lamaison | C92: Lam_5 | D92: Maiz tardio | E92: Centeno
A93: RyJLC | B93: 13_de_Junio | C93: 13_Jun_10-11-12s | D93: Maiz 2da | E93: Trigo
A94: RyJLC | B94: 13_de_Junio | C94: 13_Jun_12ny13 | D94: Maiz 2da | E94: Trigo
A95: RyJLC | B95: Alday | C95: Ald_3-4-5-6-7 | D95: Maiz 2da | E95: Trigo
A96: RyJLC | B96: Ayelen | C96: Aye_11y12a | D96: Maiz | E96: Soja | F96: 52.5 | G96: Brevant | H96: RFG22 Enlist | I96: R17 | J96: 4.75
A97: RyJLC | B97: Ayelen | C97: Aye_14 | D97: Maiz 2da | E97: Cebada silo
A98: RyJLC | B98: Ayelen | C98: Aye_17 | D98: Maiz 2da | E98: Cebada silo
A99: RyJLC | B99: Ayelen | C99: Aye_1y2 | D99: Maiz | E99: Maiz Silo Tardio | F99: 52.5 | G99: Brevant | H99: brv8380 pwue | I99: C19 | J99: 6.3
A100: RyJLC | B100: Ayelen | C100: Aye_5 | D100: Maiz 2da | E100: Cebada silo
...

Sheet Listado
A1: AMBIENTE REGIONAL | B1: Ambiente | C1: Codigo Amb | E1: Antecesor | F1: Codigo Ant.
A2: L3 (>80% arena) | B2: LOMA 3 | C2: L3 | E2: Arveja | F2: arv
A3: L2 (70-80% arena) | B3: LOMA 2 | C3: L2 | E3: Avena | F3: av
A4: L1 (<70% arena) | B4: LOMA 1 | C4: L1 | E4: Camelina | F4: cam
A5: ML 3 (>80% arena) | B5: MEDIA LOMA 3 | C5: ML3 | E5: Cebada | F5: ce
A6: ML 2 (70-80% arena) | B6: MEDIA LOMA 2 | C6: ML2 | E6: Cebada Silo | F6: ces
A7: ML 1 (<70% arena) | B7: MEDIA LOMA 1 | C7: ML1 | E7: Centeno | F7: cent
A8: ML-T (tapto < 60 cm) | B8: MEDIA LOMA - TAPTO | C8: ML-T | E8: Cultivo de Servicio | F8: cc
A9: B-T1 (tapto <60 cm) | B9: BAJO - TAPTO 1 | C9: B-T1 | E9: Garbanzo | F9: garb
A10: B-T2 (tapto <60 + CaCo3) | B10: BAJO - TAPTO 2 | C10: B-T2 | E10: Girasol | F10: gi
A11: B-T3 (tapto <60 + >8ph) | B11: BAJO - TAPTO 3 | C11: B-T3 | E11: Inundación | F11: inund
A12: B-Ts1 (tosca 60-120cm) | B12: BAJO - TOSCA 1 | C12: B-Ts1 | E12: Maiz | F12: mz
... A20: B3 (> 8ph) | B20: BAJO 3 | C20: B3 | E20: Natural | F20: nat
E21: Papa | F21: papa
E22: Pasto Llorón | F22: LL
E23: Pastura | F23: PP
E24: Soja | F24: sj
E25: Soja 2da | F25: sj2
E26: Sorgo | F26: sg
E27: Sorgo Pastoreo | F27: sgp
E28: Sorgo Silo | F28: sgs
E29: Trigo | F29: tr
E30: Trigo Silo | F30: trs
E31: Verdeo de Invierno | F31: vi
E32: Verdeo de Verano | F32: vv
... E35: Vicia + Graminea silo | F35: grs/vics

Sheet L1
B1: RECUENTOS POR LOTE - MAIZ | AC1: Distanciamiento entre plantas- DATOS DE ORIGEN GRAFICO
B2: Establecimiento: | F2: Fecha: | K2: Estado Fenológico:
AC3: Sector 1 | AG3: Sector 2 | AK3: Sector 3
B4: Potrero: | D4: Dist.med. | E4: Plantas | F4: Desvío | G4: C.V. | H4: Distancias acumuladas entre plantas | AC4: S 1 | AE4: S 2 | AG4: S 1 | AI4: S 2 | AK4: S 1 | AM4: S 2
B5: Sitio: | D5: cm | E5: por ha | F5: plant.cm | J5: 2 | K5: 3 | L5: 4 | M5: 5 | N5: 6 | O5: 7 | P5: 8 | Q5: 9 | R5: 10 | S5: 11 | T5: 12 | U5: 13 | V5: 14 | W5: 15 | X5: 16 | AC5: {=TRANSPOSE(J6:X6)} -> 0 | AD5: 0.25 | AE5: {=TRANSPOSE(J7:X7)} -> 0 | AF5: =+AD5+($D$15/100) -> 0.25 | AG5: {=TRANSPOSE(J8:X8)} -> 0 | AH5: =+AF5+($D$15/100) -> 0.25 | AI5: {=TRANSPOSE(J9:X9)} -> 0 | AJ5: =+AH5+($D$15/100) -> 0.25 | AK5: {=TRANSPOSE(J10:X10)} -> 0 | AL5: =+AJ5+($D$15/100) -> 0.25 | AM5: {=TRANSPOSE(J11:X11)} -> 0 | AN5: =+AL5+($D$15/100) -> 0.25
B6: Densidad de Siembra: | D6: =IF(SUM(J16:X16)=0,0,AVERAGE(J16:X16)) -> 0 | E6: =IF(D6=0,"",100/D6/$D$15*100*10000) | F6: =IF(D6=0,"",STDEV(J16:X16)) | G6: =IF(F6="","",F6/D6) | H6: Sector 1 | I6: Surco 1 | AC6: 0 | AD6: =$AD$5 -> 0.25 | AE6: 0 | AF6: =+AD6+($D$15/100) -> 0.25 | AG6: 0 | AH6: =+AF6+($D$15/100) -> 0.25 | AI6: 0 | AJ6: =+AH6+($D$15/100) -> 0.25 | AK6: 0 | AL6: =+AJ6+($D$15/100) -> 0.25 | AM6: 0 | AN6: =+AL6+($D$15/100) -> 0.25
C7: sem/ha | D7: =IF(SUM(J17:X17)=0,0,AVERAGE(J17:X17)) -> 0 | E7: =IF(D7=0,"",100/D7/$D$15*100*10000) | F7: =IF(D7=0,"",STDEV(J17:X17)) | G7: =IF(F7="","",F7/D7) | I7: Surco 2 | AC7: 0 | AD7: =$AD$5 -> 0.25 | AE7: 0 | AF7: =+AD7+($D$15/100) -> 0.25 | AG7: 0 | AH7: =+AF7+($D$15/100) -> 0.25 | AI7: 0 | AJ7: =+AH7+($D$15/100) -> 0.25 | AK7: 0 | AL7: =+AJ7+($D$15/100) -> 0.25 | AM7: 0 | AN7: =+AL7+($D$15/100) -> 0.25
B8: Antecesor: | D8: =IF(SUM(J18:X18)=0,0,AVERAGE(J18:X18)) -> 0 | E8: =IF(D8=0,"",100/D8/$D$15*100*10000) | F8: =IF(D8=0,"",STDEV(J18:X18)) | G8: =IF(F8="","",F8/D8) | H8: Sector 2 | I8: Surco 1 | AC8: 0 | AD8: =$AD$5 -> 0.25 | AE8: 0 | AF8: =+AD8+($D$15/100) -> 0.25 | AG8: 0 | AH8: =+AF8+($D$15/100) -> 0.25 | AI8: 0 | AJ8: =+AH8+($D$15/100) -> 0.25 | AK8: 0 | AL8: =+AJ8+($D$15/100) -> 0.25 | AM8: 0 | AN8: =+AL8+($D$15/100) -> 0.25
D9: =IF(SUM(J19:X19)=0,0,AVERAGE(J19:X19)) -> 0 | E9: =IF(D9=0,"",100/D9/$D$15*100*10000) | F9: =IF(D9=0,"",STDEV(J19:X19)) | G9: =IF(F9="","",F9/D9) | I9: Surco 2 | AC9: 0 | AD9: =$AD$5 -> 0.25 | AE9: 0 | AF9: =+AD9+($D$15/100) -> 0.25 | AG9: 0 | AH9: =+AF9+($D$15/100) -> 0.25 | AI9: 0 | AJ9: =+AH9+($D$15/100) -> 0.25 | AK9: 0 | AL9: =+AJ9+($D$15/100) -> 0.25 | AM9: 0 | AN9: =+AL9+($D$15/100) -> 0.25
B10: Nombre Contratista: | D10: =IF(SUM(J20:X20)=0,0,AVERAGE(J20:X20)) -> 0 | E10: =IF(D10=0,"",100/D10/$D$15*100*10000) | F10: =IF(D10=0,"",STDEV(J20:X20)) | G10: =IF(F10="","",F10/D10) | H10: Sector 3 | I10: Surco 1 | AC10: 0 | AD10: =$AD$5 -> 0.25 | AE10: 0 | AF10: =+AD10+($D$15/100) -> 0.25 | AG10: 0 | AH10: =+AF10+($D$15/100) -> 0.25 | AI10: 0 | AJ10: =+AH10+($D$15/100) -> 0.25 | AK10: 0 | AL10: =+AJ10+($D$15/100) -> 0.25 | AM10: 0 | AN10: =+AL10+($D$15/100) -> 0.25
D11: =IF(SUM(J21:X21)=0,0,AVERAGE(J21:X21)) -> 0 | E11: =IF(D11=0,"",100/D11/$D$15*100*10000) | F11: =IF(D11=0,"",STDEV(J21:X21)) | G11: =IF(F11="","",F11/D11) | I11: Surco 2 | AC11: 0 | AD11: =$AD$5 -> 0.25 | AE11: 0 | AF11: =+AD11+($D$15/100) -> 0.25 | AG11: 0 | AH11: =+AF11+($D$15/100) -> 0.25 | AI11: 0 | AJ11: =+AH11+($D$15/100) -> 0.25 | AK11: 0 | AL11: =+AJ11+($D$15/100) -> 0.25 | AM11: 0 | AN11: =+AL11+($D$15/100) -> 0.25
B12: Sembradora: | AC12: 0 | AD12: =$AD$5 -> 0.25 | AE12: 0 | AF12: =+AD12+($D$15/100) -> 0.25 | AG12: 0 | AH12: =+AF12+($D$15/100) -> 0.25 | AI12: 0 | AJ12: =+AH12+($D$15/100) -> 0.25 | AK12: 0 | AL12: =+AJ12+($D$15/100) -> 0.25 | AM12: 0 | AN12: =+AL12+($D$15/100) -> 0.25
AC13: 0 | AD13: =$AD$5 -> 0.25 | AE13: 0 | AF13: =+AD13+($D$15/100) -> 0.25 | AG13: 0 | AH13: =+AF13+($D$15/100) -> 0.25 | AI13: 0 | AJ13: =+AH13+($D$15/100) -> 0.25 | AK13: 0 | AL13: =+AJ13+($D$15/100) -> 0.25 | AM13: 0 | AN13: =+AL13+($D$15/100) -> 0.25
D14: =IF(COUNTIF(D6:D13,">0"),SUM(D6:D13)/COUNTIF(D6:D13,">0"),"") | J14: Distancia entre plantas | AC14: 0 | AD14: =$AD$5 -> 0.25 | AE14: 0 | AF14: =+AD14+($D$15/100) -> 0.25 | AG14: 0 | AH14: =+AF14+($D$15/100) -> 0.25 | AI14: 0 | AJ14: =+AH14+($D$15/100) -> 0.25 | AK14: 0 | AL14: =+AJ14+($D$15/100) -> 0.25 | AM14: 0 | AN14: =+AL14+($D$15/100) -> 0.25
B15: Distancia e/surcos (cm) | E15: cm | F15: % Logro | J15: 1-2 | K15: 2-3 | L15: 3-4 | M15: 4-5 | N15: 5-6 | O15: 6-7 | P15: 7-8 | Q15: 8-9 | R15: 9-10 | S15: 10-11 | T15: 11-12 | U15: 12-13 | V15: 13-14 | W15: 14-15 | X15: 15-16 | AC15: 0 | AD15: =$AD$5 -> 0.25 | AE15: 0 | AF15: =+AD15+($D$15/100) -> 0.25 | AG15: 0 | AH15: =+AF15+($D$15/100) -> 0.25 | AI15: 0 | AJ15: =+AH15+($D$15/100) -> 0.25 | AK15: 0 | AL15: =+AJ15+($D$15/100) -> 0.25 | AM15: 0 | AN15: =+AL15+($D$15/100) -> 0.25
B16: Logro promedio de plantas | D16: =IF(SUM(E6:E13)=0,0,AVERAGE(E6:E13)) -> 0 | E16: ptas./ha | F16: =+IF(B7="","",D16/B7*100) | J16: =J6 -> 0 | K16: =K6-J6 -> 0 | L16: =L6-K6 -> 0 | M16: =M6-L6 -> 0 | N16: =N6-M6 -> 0 | O16: =O6-N6 -> 0 | P16: =P6-O6 -> 0 | Q16: =Q6-P6 -> 0 | R16: =R6-Q6 -> 0 | ... X16: =X6-W6 -> 0 | AC16: 0 | AD16: =$AD$5 -> 0.25 | AE16: 0 | AF16: =+AD16+($D$15/100) -> 0.25 | AG16: 0 | AH16: =+AF16+($D$15/100) -> 0.25 | AI16: 0 | AJ16: =+AH16+($D$15/100) -> 0.25 | AK16: 0 | AL16: =+AJ16+($D$15/100) -> 0.25 | AM16: 0 | AN16: =+AL16+($D$15/100) -> 0.25
B17: Desvío uniformidad planteo | D17: =IF(SUM(F6:F13)=0,0,AVERAGE(F6:F13)) -> 0 | E17: cm | J17: =J7 -> 0 | K17: =K7-J7 -> 0 | L17: =L7-K7 -> 0 | M17: =M7-L7 -> 0 | N17: =N7-M7 -> 0 | O17: =O7-N7 -> 0 | P17: =P7-O7 -> 0 | Q17: =Q7-P7 -> 0 | R17: =R7-Q7 -> 0 | ... X17: =X7-W7 -> 0 | AC17: 0 | AD17: =$AD$5 -> 0.25 | AE17: 0 | AF17: =+AD17+($D$15/100) -> 0.25 | AG17: 0 | AH17: =+AF17+($D$15/100) -> 0.25 | AI17: 0 | AJ17: =+AH17+($D$15/100) -> 0.25 | AK17: 0 | AL17: =+AJ17+($D$15/100) -> 0.25 | AM17: 0 | AN17: =+AL17+($D$15/100) -> 0.25
B18: COEFICIENTE DE VARIACIÓN | D18: =IF(SUM(G6:G13)=0,0,AVERAGE(G6:G13)) -> 0 | J18: =J8 -> 0 | K18: =K8-J8 -> 0 | L18: =L8-K8 -> 0 | M18: =M8-L8 -> 0 | N18: =N8-M8 -> 0 | O18: =O8-N8 -> 0 | P18: =P8-O8 -> 0 | Q18: =Q8-P8 -> 0 | R18: =R8-Q8 -> 0 | ... X18: =X8-W8 -> 0
J19: =J9 -> 0 | K19: =K9-J9 -> 0 | L19: =L9-K9 -> 0 | M19: =M9-L9 -> 0 | N19: =N9-M9 -> 0 | O19: =O9-N9 -> 0 | P19: =P9-O9 -> 0 | Q19: =Q9-P9 -> 0 | R19: =R9-Q9 -> 0 | ... X19: =X9-W9 -> 0 | AC19: DISTANCIAMIENTO ENTRE PLANTAS IDEAL-DATOS ORIGEN GRAFICO
B20: Distribución espacial | J20: =J10 -> 0 | K20: =K10-J10 -> 0 | L20: =L10-K10 -> 0 | M20: =M10-L10 -> 0 | N20: =N10-M10 -> 0 | O20: =O10-N10 -> 0 | P20: =P10-O10 -> 0 | Q20: =Q10-P10 -> 0 | R20: =R10-Q10 -> 0 | ... X20: =X10-W10 -> 0 | AC20: =100/(AI23/(100*(100/($D$15/100)))) -> #DIV/0! | AD20: =+$AC$20*J5 -> #DIV/0! | AE20: =+$AC$20*K5 -> #DIV/0! | AF20: =+$AC$20*L5 -> #DIV/0! | AG20: =+$AC$20*M5 -> #DIV/0! | AH20: =+$AC$20*N5 -> #DIV/0! | AI20: =+$AC$20*O5 -> #DIV/0! | AJ20: =+$AC$20*P5 -> #DIV/0! | AK20: =+$AC$20*Q5 -> #DIV/0! | ... AQ20: =+$AC$20*W5 -> #DIV/0!
J21: =J11 -> 0 | K21: =K11-J11 -> 0 | L21: =L11-K11 -> 0 | M21: =M11-L11 -> 0 | N21: =N11-M11 -> 0 | O21: =O11-N11 -> 0 | P21: =P11-O11 -> 0 | Q21: =Q11-P11 -> 0 | R21: =R11-Q11 -> 0 | ... X21: =X11-W11 -> 0 | AC21: =+$AN$5+($D$15/100) -> 0.25 | AD21: =+$AN$5+($D$15/100) -> 0.25 | AE21: =+$AN$5+($D$15/100) -> 0.25 | AF21: =+$AN$5+($D$15/100) -> 0.25 | AG21: =+$AN$5+($D$15/100) -> 0.25 | AH21: =+$AN$5+($D$15/100) -> 0.25 | AI21: =+$AN$5+($D$15/100) -> 0.25 | AJ21: =+$AN$5+($D$15/100) -> 0.25 | ... AQ21: =+$AN$5+($D$15/100) -> 0.25
AC23: PL/HA-DATO ORIGEN GRAFICO= | AI23: =IF(B7="",D16,B7) -> 0
AC26: Densidad de siembra | AH26: =B7 -> 0
AC27: Distancia entre surcos | AH27: =D15/100 -> 0
AC28: Distancia eq 10 m2 (m) | AH28: =IF(AH27="","",10/AH27) -> #DIV/0!
J29: Observaciones: | AC29: Semillas/m lineal | AH29: =IF(AH27="","",1*(AH26/1000)/AH28) -> #DIV/0!
AC30: Distancia e/semillas(cm) | AH30: =IF(AH29="","",1/AH29*100) -> #DIV/0!
AC32: Doble (cm) | AH32: =IF(AH30="","",3) -> #DIV/0!
AC33: Fallo (cm) | AH33: =IF(AH27="","",2*AH30) -> #DIV/0!
AC34: Aceptable

Sheet L2
B1: RECUENTOS POR LOTE - MAIZ | AC1: Distanciamiento entre plantas- DATOS DE ORIGEN GRAFICO
B2: Establecimiento: | F2: Fecha: | K2: Estado Fenológico:
AC3: Sector 1 | AG3: Sector 2 | AK3: Sector 3
B4: Potrero: | D4: Dist.med. | E4: Plantas | F4: Desvío | G4: C.V. | H4: Distancias acumuladas entre plantas | AC4: S 1 | AE4: S 2 | AG4: S 1 | AI4: S 2 | AK4: S 1 | AM4: S 2
B5: Sitio: | D5: cm | E5: por ha | F5: plant.cm | J5: 2 | K5: 3 | L5: 4 | M5: 5 | N5: 6 | O5: 7 | P5: 8 | Q5: 9 | R5: 10 | S5: 11 | T5: 12 | U5: 13 | V5: 14 | W5: 15 | X5: 16 | AC5: {=TRANSPOSE(J6:X6)} -> 0 | AD5: 0.25 | AE5: {=TRANSPOSE(J7:X7)} -> 0 | AF5: =+AD5+($D$15/100) -> 0.25 | AG5: {=TRANSPOSE(J8:X8)} -> 0 | AH5: =+AF5+($D$15/100) -> 0.25 | AI5: {=TRANSPOSE(J9:X9)} -> 0 | AJ5: =+AH5+($D$15/100) -> 0.25 | AK5: {=TRANSPOSE(J10:X10)} -> 0 | AL5: =+AJ5+($D$15/100) -> 0.25 | AM5: {=TRANSPOSE(J11:X11)} -> 0 | AN5: =+AL5+($D$15/100) -> 0.25
B6: Densidad de Siembra: | D6: =IF(SUM(J16:X16)=0,0,AVERAGE(J16:X16)) -> 0 | E6: =IF(D6=0,"",100/D6/$D$15*100*10000) | F6: =IF(D6=0,"",STDEV(J16:X16)) | G6: =IF(F6="","",F6/D6) | H6: Sector 1 | I6: Surco 1 | AC6: 0 | AD6: =$AD$5 -> 0.25 | AE6: 0 | AF6: =+AD6+($D$15/100) -> 0.25 | AG6: 0 | AH6: =+AF6+($D$15/100) -> 0.25 | AI6: 0 | AJ6: =+AH6+($D$15/100) -> 0.25 | AK6: 0 | AL6: =+AJ6+($D$15/100) -> 0.25 | AM6: 0 | AN6: =+AL6+($D$15/100) -> 0.25
C7: sem/ha | D7: =IF(SUM(J17:X17)=0,0,AVERAGE(J17:X17)) -> 0 | E7: =IF(D7=0,"",100/D7/$D$15*100*10000) | F7: =IF(D7=0,"",STDEV(J17:X17)) | G7: =IF(F7="","",F7/D7) | I7: Surco 2 | AC7: 0 | AD7: =$AD$5 -> 0.25 | AE7: 0 | AF7: =+AD7+($D$15/100) -> 0.25 | AG7: 0 | AH7: =+AF7+($D$15/100) -> 0.25 | AI7: 0 | AJ7: =+AH7+($D$15/100) -> 0.25 | AK7: 0 | AL7: =+AJ7+($D$15/100) -> 0.25 | AM7: 0 | AN7: =+AL7+($D$15/100) -> 0.25
B8: Antecesor: | D8: =IF(SUM(J18:X18)=0,0,AVERAGE(J18:X18)) -> 0 | E8: =IF(D8=0,"",100/D8/$D$15*100*10000) | F8: =IF(D8=0,"",STDEV(J18:X18)) | G8: =IF(F8="","",F8/D8) | H8: Sector 2 | I8: Surco 1 | AC8: 0 | AD8: =$AD$5 -> 0.25 | AE8: 0 | AF8: =+AD8+($D$15/100) -> 0.25 | AG8: 0 | AH8: =+AF8+($D$15/100) -> 0.25 | AI8: 0 | AJ8: =+AH8+($D$15/100) -> 0.25 | AK8: 0 | AL8: =+AJ8+($D$15/100) -> 0.25 | AM8: 0 | AN8: =+AL8+($D$15/100) -> 0.25
D9: =IF(SUM(J19:X19)=0,0,AVERAGE(J19:X19)) -> 0 | E9: =IF(D9=0,"",100/D9/$D$15*100*10000) | F9: =IF(D9=0,"",STDEV(J19:X19)) | G9: =IF(F9="","",F9/D9) | I9: Surco 2 | AC9: 0 | AD9: =$AD$5 -> 0.25 | AE9: 0 | AF9: =+AD9+($D$15/100) -> 0.25 | AG9: 0 | AH9: =+AF9+($D$15/100) -> 0.25 | AI9: 0 | AJ9: =+AH9+($D$15/100) -> 0.25 | AK9: 0 | AL9: =+AJ9+($D$15/100) -> 0.25 | AM9: 0 | AN9: =+AL9+($D$15/100) -> 0.25
B10: Nombre Contratista: | D10: =IF(SUM(J20:X20)=0,0,AVERAGE(J20:X20)) -> 0 | E10: =IF(D10=0,"",100/D10/$D$15*100*10000) | F10: =IF(D10=0,"",STDEV(J20:X20)) | G10: =IF(F10="","",F10/D10) | H10: Sector 3 | I10: Surco 1 | AC10: 0 | AD10: =$AD$5 -> 0.25 | AE10: 0 | AF10: =+AD10+($D$15/100) -> 0.25 | AG10: 0 | AH10: =+AF10+($D$15/100) -> 0.25 | AI10: 0 | AJ10: =+AH10+($D$15/100) -> 0.25 | AK10: 0 | AL10: =+AJ10+($D$15/100) -> 0.25 | AM10: 0 | AN10: =+AL10+($D$15/100) -> 0.25
D11: =IF(SUM(J21:X21)=0,0,AVERAGE(J21:X21)) -> 0 | E11: =IF(D11=0,"",100/D11/$D$15*100*10000) | F11: =IF(D11=0,"",STDEV(J21:X21)) | G11: =IF(F11="","",F11/D11) | I11: Surco 2 | AC11: 0 | AD11: =$AD$5 -> 0.25 | AE11: 0 | AF11: =+AD11+($D$15/100) -> 0.25 | AG11: 0 | AH11: =+AF11+($D$15/100) -> 0.25 | AI11: 0 | AJ11: =+AH11+($D$15/100) -> 0.25 | AK11: 0 | AL11: =+AJ11+($D$15/100) -> 0.25 | AM11: 0 | AN11: =+AL11+($D$15/100) -> 0.25
B12: Sembradora: | AC12: 0 | AD12: =$AD$5 -> 0.25 | AE12: 0 | AF12: =+AD12+($D$15/100) -> 0.25 | AG12: 0 | AH12: =+AF12+($D$15/100) -> 0.25 | AI12: 0 | AJ12: =+AH12+($D$15/100) -> 0.25 | AK12: 0 | AL12: =+AJ12+($D$15/100) -> 0.25 | AM12: 0 | AN12: =+AL12+($D$15/100) -> 0.25
AC13: 0 | AD13: =$AD$5 -> 0.25 | AE13: 0 | AF13: =+AD13+($D$15/100) -> 0.25 | AG13: 0 | AH13: =+AF13+($D$15/100) -> 0.25 | AI13: 0 | AJ13: =+AH13+($D$15/100) -> 0.25 | AK13: 0 | AL13: =+AJ13+($D$15/100) -> 0.25 | AM13: 0 | AN13: =+AL13+($D$15/100) -> 0.25
D14: =IF(COUNTIF(D6:D13,">0"),SUM(D6:D13)/COUNTIF(D6:D13,">0"),"") | J14: Distancia entre plantas | AC14: 0 | AD14: =$AD$5 -> 0.25 | AE14: 0 | AF14: =+AD14+($D$15/100) -> 0.25 | AG14: 0 | AH14: =+AF14+($D$15/100) -> 0.25 | AI14: 0 | AJ14: =+AH14+($D$15/100) -> 0.25 | AK14: 0 | AL14: =+AJ14+($D$15/100) -> 0.25 | AM14: 0 | AN14: =+AL14+($D$15/100) -> 0.25
B15: Distancia e/surcos (cm) | E15: cm | F15: % Logro | J15: 1-2 | K15: 2-3 | L15: 3-4 | M15: 4-5 | N15: 5-6 | O15: 6-7 | P15: 7-8 | Q15: 8-9 | R15: 9-10 | S15: 10-11 | T15: 11-12 | U15: 12-13 | V15: 13-14 | W15: 14-15 | X15: 15-16 | AC15: 0 | AD15: =$AD$5 -> 0.25 | AE15: 0 | AF15: =+AD15+($D$15/100) -> 0.25 | AG15: 0 | AH15: =+AF15+($D$15/100) -> 0.25 | AI15: 0 | AJ15: =+AH15+($D$15/100) -> 0.25 | AK15: 0 | AL15: =+AJ15+($D$15/100) -> 0.25 | AM15: 0 | AN15: =+AL15+($D$15/100) -> 0.25
B16: Logro promedio de plantas | D16: =IF(SUM(E6:E13)=0,0,AVERAGE(E6:E13)) -> 0 | E16: ptas./ha | F16: =+IF(B7="","",D16/B7*100) | J16: =J6 -> 0 | K16: =K6-J6 -> 0 | L16: =L6-K6 -> 0 | M16: =M6-L6 -> 0 | N16: =N6-M6 -> 0 | O16: =O6-N6 -> 0 | P16: =P6-O6 -> 0 | Q16: =Q6-P6 -> 0 | R16: =R6-Q6 -> 0 | ... X16: =X6-W6 -> 0 | AC16: 0 | AD16: =$AD$5 -> 0.25 | AE16: 0 | AF16: =+AD16+($D$15/100) -> 0.25 | AG16: 0 | AH16: =+AF16+($D$15/100) -> 0.25 | AI16: 0 | AJ16: =+AH16+($D$15/100) -> 0.25 | AK16: 0 | AL16: =+AJ16+($D$15/100) -> 0.25 | AM16: 0 | AN16: =+AL16+($D$15/100) -> 0.25
B17: Desvío uniformidad planteo | D17: =IF(SUM(F6:F13)=0,0,AVERAGE(F6:F13)) -> 0 | E17: cm | J17: =J7 -> 0 | K17: =K7-J7 -> 0 | L17: =L7-K7 -> 0 | M17: =M7-L7 -> 0 | N17: =N7-M7 -> 0 | O17: =O7-N7 -> 0 | P17: =P7-O7 -> 0 | Q17: =Q7-P7 -> 0 | R17: =R7-Q7 -> 0 | ... X17: =X7-W7 -> 0 | AC17: 0 | AD17: =$AD$5 -> 0.25 | AE17: 0 | AF17: =+AD17+($D$15/100) -> 0.25 | AG17: 0 | AH17: =+AF17+($D$15/100) -> 0.25 | AI17: 0 | AJ17: =+AH17+($D$15/100) -> 0.25 | AK17: 0 | AL17: =+AJ17+($D$15/100) -> 0.25 | AM17: 0 | AN17: =+AL17+($D$15/100) -> 0.25
B18: COEFICIENTE DE VARIACIÓN | D18: =IF(SUM(G6:G13)=0,0,AVERAGE(G6:G13)) -> 0 | J18: =J8 -> 0 | K18: =K8-J8 -> 0 | L18: =L8-K8 -> 0 | M18: =M8-L8 -> 0 | N18: =N8-M8 -> 0 | O18: =O8-N8 -> 0 | P18: =P8-O8 -> 0 | Q18: =Q8-P8 -> 0 | R18: =R8-Q8 -> 0 | ... X18: =X8-W8 -> 0
J19: =J9 -> 0 | K19: =K9-J9 -> 0 | L19: =L9-K9 -> 0 | M19: =M9-L9 -> 0 | N19: =N9-M9 -> 0 | O19: =O9-N9 -> 0 | P19: =P9-O9 -> 0 | Q19: =Q9-P9 -> 0 | R19: =R9-Q9 -> 0 | ... X19: =X9-W9 -> 0 | AC19: DISTANCIAMIENTO ENTRE PLANTAS IDEAL-DATOS ORIGEN GRAFICO
B20: Distribución espacial | J20: =J10 -> 0 | K20: =K10-J10 -> 0 | L20: =L10-K10 -> 0 | M20: =M10-L10 -> 0 | N20: =N10-M10 -> 0 | O20: =O10-N10 -> 0 | P20: =P10-O10 -> 0 | Q20: =Q10-P10 -> 0 | R20: =R10-Q10 -> 0 | ... X20: =X10-W10 -> 0 | AC20: =100/(AI23/(100*(100/($D$15/100)))) -> #DIV/0! | AD20: =+$AC$20*J5 -> #DIV/0! | AE20: =+$AC$20*K5 -> #DIV/0! | AF20: =+$AC$20*L5 -> #DIV/0! | AG20: =+$AC$20*M5 -> #DIV/0! | AH20: =+$AC$20*N5 -> #DIV/0! | AI20: =+$AC$20*O5 -> #DIV/0! | AJ20: =+$AC$20*P5 -> #DIV/0! | AK20: =+$AC$20*Q5 -> #DIV/0! | ... AQ20: =+$AC$20*W5 -> #DIV/0!
J21: =J11 -> 0 | K21: =K11-J11 -> 0 | L21: =L11-K11 -> 0 | M21: =M11-L11 -> 0 | N21: =N11-M11 -> 0 | O21: =O11-N11 -> 0 | P21: =P11-O11 -> 0 | Q21: =Q11-P11 -> 0 | R21: =R11-Q11 -> 0 | ... X21: =X11-W11 -> 0 | AC21: =+$AN$5+($D$15/100) -> 0.25 | AD21: =+$AN$5+($D$15/100) -> 0.25 | AE21: =+$AN$5+($D$15/100) -> 0.25 | AF21: =+$AN$5+($D$15/100) -> 0.25 | AG21: =+$AN$5+($D$15/100) -> 0.25 | AH21: =+$AN$5+($D$15/100) -> 0.25 | AI21: =+$AN$5+($D$15/100) -> 0.25 | AJ21: =+$AN$5+($D$15/100) -> 0.25 | ... AQ21: =+$AN$5+($D$15/100) -> 0.25
AC23: PL/HA-DATO ORIGEN GRAFICO= | AI23: =IF(B7="",D16,B7) -> 0
AC26: Densidad de siembra | AH26: =B7 -> 0
AC27: Distancia entre surcos | AH27: =D15/100 -> 0
AC28: Distancia eq 10 m2 (m) | AH28: =IF(AH27="","",10/AH27) -> #DIV/0!
J29: Observaciones: | AC29: Semillas/m lineal | AH29: =IF(AH27="","",1*(AH26/1000)/AH28) -> #DIV/0!
AC30: Distancia e/semillas(cm) | AH30: =IF(AH29="","",1/AH29*100) -> #DIV/0!
AC32: Doble (cm) | AH32: =IF(AH30="","",3) -> #DIV/0!
AC33: Fallo (cm) | AH33: =IF(AH27="","",2*AH30) -> #DIV/0!
AC34: Aceptable

Sheet L3
B1: RECUENTOS POR LOTE - MAIZ | AC1: Distanciamiento entre plantas- DATOS DE ORIGEN GRAFICO
B2: Establecimiento: | F2: Fecha: | K2: Estado Fenológico:
AC3: Sector 1 | AG3: Sector 2 | AK3: Sector 3
B4: Potrero: | D4: Dist.med. | E4: Plantas | F4: Desvío | G4: C.V. | H4: Distancias acumuladas entre plantas | AC4: S 1 | AE4: S 2 | AG4: S 1 | AI4: S 2 | AK4: S 1 | AM4: S 2
B5: Sitio: | D5: cm | E5: por ha | F5: plant.cm | J5: 2 | K5: 3 | L5: 4 | M5: 5 | N5: 6 | O5: 7 | P5: 8 | Q5: 9 | R5: 10 | S5: 11 | T5: 12 | U5: 13 | V5: 14 | W5: 15 | X5: 16 | AC5: {=TRANSPOSE(J6:X6)} -> 0 | AD5: 0.25 | AE5: {=TRANSPOSE(J7:X7)} -> 0 | AF5: =+AD5+($D$15/100) -> 0.25 | AG5: {=TRANSPOSE(J8:X8)} -> 0 | AH5: =+AF5+($D$15/100) -> 0.25 | AI5: {=TRANSPOSE(J9:X9)} -> 0 | AJ5: =+AH5+($D$15/100) -> 0.25 | AK5: {=TRANSPOSE(J10:X10)} -> 0 | AL5: =+AJ5+($D$15/100) -> 0.25 | AM5: {=TRANSPOSE(J11:X11)} -> 0 | AN5: =+AL5+($D$15/100) -> 0.25
B6: Densidad de Siembra: | D6: =IF(SUM(J16:X16)=0,0,AVERAGE(J16:X16)) -> 0 | E6: =IF(D6=0,"",100/D6/$D$15*100*10000) | F6: =IF(D6=0,"",STDEV(J16:X16)) | G6: =IF(F6="","",F6/D6) | H6: Sector 1 | I6: Surco 1 | AC6: 0 | AD6: =$AD$5 -> 0.25 | AE6: 0 | AF6: =+AD6+($D$15/100) -> 0.25 | AG6: 0 | AH6: =+AF6+($D$15/100) -> 0.25 | AI6: 0 | AJ6: =+AH6+($D$15/100) -> 0.25 | AK6: 0 | AL6: =+AJ6+($D$15/100) -> 0.25 | AM6: 0 | AN6: =+AL6+($D$15/100) -> 0.25
C7: sem/ha | D7: =IF(SUM(J17:X17)=0,0,AVERAGE(J17:X17)) -> 0 | E7: =IF(D7=0,"",100/D7/$D$15*100*10000) | F7: =IF(D7=0,"",STDEV(J17:X17)) | G7: =IF(F7="","",F7/D7) | I7: Surco 2 | AC7: 0 | AD7: =$AD$5 -> 0.25 | AE7: 0 | AF7: =+AD7+($D$15/100) -> 0.25 | AG7: 0 | AH7: =+AF7+($D$15/100) -> 0.25 | AI7: 0 | AJ7: =+AH7+($D$15/100) -> 0.25 | AK7: 0 | AL7: =+AJ7+($D$15/100) -> 0.25 | AM7: 0 | AN7: =+AL7+($D$15/100) -> 0.25
B8: Antecesor: | D8: =IF(SUM(J18:X18)=0,0,AVERAGE(J18:X18)) -> 0 | E8: =IF(D8=0,"",100/D8/$D$15*100*10000) | F8: =IF(D8=0,"",STDEV(J18:X18)) | G8: =IF(F8="","",F8/D8) | H8: Sector 2 | I8: Surco 1 | AC8: 0 | AD8: =$AD$5 -> 0.25 | AE8: 0 | AF8: =+AD8+($D$15/100) -> 0.25 | AG8: 0 | AH8: =+AF8+($D$15/100) -> 0.25 | AI8: 0 | AJ8: =+AH8+($D$15/100) -> 0.25 | AK8: 0 | AL8: =+AJ8+($D$15/100) -> 0.25 | AM8: 0 | AN8: =+AL8+($D$15/100) -> 0.25
D9: =IF(SUM(J19:X19)=0,0,AVERAGE(J19:X19)) -> 0 | E9: =IF(D9=0,"",100/D9/$D$15*100*10000) | F9: =IF(D9=0,"",STDEV(J19:X19)) | G9: =IF(F9="","",F9/D9) | I9: Surco 2 | AC9: 0 | AD9: =$AD$5 -> 0.25 | AE9: 0 | AF9: =+AD9+($D$15/100) -> 0.25 | AG9: 0 | AH9: =+AF9+($D$15/100) -> 0.25 | AI9: 0 | AJ9: =+AH9+($D$15/100) -> 0.25 | AK9: 0 | AL9: =+AJ9+($D$15/100) -> 0.25 | AM9: 0 | AN9: =+AL9+($D$15/100) -> 0.25
B10: Nombre Contratista: | D10: =IF(SUM(J20:X20)=0,0,AVERAGE(J20:X20)) -> 0 | E10: =IF(D10=0,"",100/D10/$D$15*100*10000) | F10: =IF(D10=0,"",STDEV(J20:X20)) | G10: =IF(F10="","",F10/D10) | H10: Sector 3 | I10: Surco 1 | AC10: 0 | AD10: =$AD$5 -> 0.25 | AE10: 0 | AF10: =+AD10+($D$15/100) -> 0.25 | AG10: 0 | AH10: =+AF10+($D$15/100) -> 0.25 | AI10: 0 | AJ10: =+AH10+($D$15/100) -> 0.25 | AK10: 0 | AL10: =+AJ10+($D$15/100) -> 0.25 | AM10: 0 | AN10: =+AL10+($D$15/100) -> 0.25
D11: =IF(SUM(J21:X21)=0,0,AVERAGE(J21:X21)) -> 0 | E11: =IF(D11=0,"",100/D11/$D$15*100*10000) | F11: =IF(D11=0,"",STDEV(J21:X21)) | G11: =IF(F11="","",F11/D11) | I11: Surco 2 | AC11: 0 | AD11: =$AD$5 -> 0.25 | AE11: 0 | AF11: =+AD11+($D$15/100) -> 0.25 | AG11: 0 | AH11: =+AF11+($D$15/100) -> 0.25 | AI11: 0 | AJ11: =+AH11+($D$15/100) -> 0.25 | AK11: 0 | AL11: =+AJ11+($D$15/100) -> 0.25 | AM11: 0 | AN11: =+AL11+($D$15/100) -> 0.25
B12: Sembradora: | AC12: 0 | AD12: =$AD$5 -> 0.25 | AE12: 0 | AF12: =+AD12+($D$15/100) -> 0.25 | AG12: 0 | AH12: =+AF12+($D$15/100) -> 0.25 | AI12: 0 | AJ12: =+AH12+($D$15/100) -> 0.25 | AK12: 0 | AL12: =+AJ12+($D$15/100) -> 0.25 | AM12: 0 | AN12: =+AL12+($D$15/100) -> 0.25
AC13: 0 | AD13: =$AD$5 -> 0.25 | AE13: 0 | AF13: =+AD13+($D$15/100) -> 0.25 | AG13: 0 | AH13: =+AF13+($D$15/100) -> 0.25 | AI13: 0 | AJ13: =+AH13+($D$15/100) -> 0.25 | AK13: 0 | AL13: =+AJ13+($D$15/100) -> 0.25 | AM13: 0 | AN13: =+AL13+($D$15/100) -> 0.25
D14: =IF(COUNTIF(D6:D13,">0"),SUM(D6:D13)/COUNTIF(D6:D13,">0"),"") | J14: Distancia entre plantas | AC14: 0 | AD14: =$AD$5 -> 0.25 | AE14: 0 | AF14: =+AD14+($D$15/100) -> 0.25 | AG14: 0 | AH14: =+AF14+($D$15/100) -> 0.25 | AI14: 0 | AJ14: =+AH14+($D$15/100) -> 0.25 | AK14: 0 | AL14: =+AJ14+($D$15/100) -> 0.25 | AM14: 0 | AN14: =+AL14+($D$15/100) -> 0.25
B15: Distancia e/surcos (cm) | E15: cm | F15: % Logro | J15: 1-2 | K15: 2-3 | L15: 3-4 | M15: 4-5 | N15: 5-6 | O15: 6-7 | P15: 7-8 | Q15: 8-9 | R15: 9-10 | S15: 10-11 | T15: 11-12 | U15: 12-13 | V15: 13-14 | W15: 14-15 | X15: 15-16 | AC15: 0 | AD15: =$AD$5 -> 0.25 | AE15: 0 | AF15: =+AD15+($D$15/100) -> 0.25 | AG15: 0 | AH15: =+AF15+($D$15/100) -> 0.25 | AI15: 0 | AJ15: =+AH15+($D$15/100) -> 0.25 | AK15: 0 | AL15: =+AJ15+($D$15/100) -> 0.25 | AM15: 0 | AN15: =+AL15+($D$15/100) -> 0.25
B16: Logro promedio de plantas | D16: =IF(SUM(E6:E13)=0,0,AVERAGE(E6:E13)) -> 0 | E16: ptas./ha | F16: =+IF(B7="","",D16/B7*100) | J16: =J6 -> 0 | K16: =K6-J6 -> 0 | L16: =L6-K6 -> 0 | M16: =M6-L6 -> 0 | N16: =N6-M6 -> 0 | O16: =O6-N6 -> 0 | P16: =P6-O6 -> 0 | Q16: =Q6-P6 -> 0 | R16: =R6-Q6 -> 0 | ... X16: =X6-W6 -> 0 | AC16: 0 | AD16: =$AD$5 -> 0.25 | AE16: 0 | AF16: =+AD16+($D$15/100) -> 0.25 | AG16: 0 | AH16: =+AF16+($D$15/100) -> 0.25 | AI16: 0 | AJ16: =+AH16+($D$15/100) -> 0.25 | AK16: 0 | AL16: =+AJ16+($D$15/100) -> 0.25 | AM16: 0 | AN16: =+AL16+($D$15/100) -> 0.25
B17: Desvío uniformidad planteo | D17: =IF(SUM(F6:F13)=0,0,AVERAGE(F6:F13)) -> 0 | E17: cm | J17: =J7 -> 0 | K17: =K7-J7 -> 0 | L17: =L7-K7 -> 0 | M17: =M7-L7 -> 0 | N17: =N7-M7 -> 0 | O17: =O7-N7 -> 0 | P17: =P7-O7 -> 0 | Q17: =Q7-P7 -> 0 | R17: =R7-Q7 -> 0 | ... X17: =X7-W7 -> 0 | AC17: 0 | AD17: =$AD$5 -> 0.25 | AE17: 0 | AF17: =+AD17+($D$15/100) -> 0.25 | AG17: 0 | AH17: =+AF17+($D$15/100) -> 0.25 | AI17: 0 | AJ17: =+AH17+($D$15/100) -> 0.25 | AK17: 0 | AL17: =+AJ17+($D$15/100) -> 0.25 | AM17: 0 | AN17: =+AL17+($D$15/100) -> 0.25
B18: COEFICIENTE DE VARIACIÓN | D18: =IF(SUM(G6:G13)=0,0,AVERAGE(G6:G13)) -> 0 | J18: =J8 -> 0 | K18: =K8-J8 -> 0 | L18: =L8-K8 -> 0 | M18: =M8-L8 -> 0 | N18: =N8-M8 -> 0 | O18: =O8-N8 -> 0 | P18: =P8-O8 -> 0 | Q18: =Q8-P8 -> 0 | R18: =R8-Q8 -> 0 | ... X18: =X8-W8 -> 0
J19: =J9 -> 0 | K19: =K9-J9 -> 0 | L19: =L9-K9 -> 0 | M19: =M9-L9 -> 0 | N19: =N9-M9 -> 0 | O19: =O9-N9 -> 0 | P19: =P9-O9 -> 0 | Q19: =Q9-P9 -> 0 | R19: =R9-Q9 -> 0 | ... X19: =X9-W9 -> 0 | AC19: DISTANCIAMIENTO ENTRE PLANTAS IDEAL-DATOS ORIGEN GRAFICO
B20: Distribución espacial | J20: =J10 -> 0 | K20: =K10-J10 -> 0 | L20: =L10-K10 -> 0 | M20: =M10-L10 -> 0 | N20: =N10-M10 -> 0 | O20: =O10-N10 -> 0 | P20: =P10-O10 -> 0 | Q20: =Q10-P10 -> 0 | R20: =R10-Q10 -> 0 | ... X20: =X10-W10 -> 0 | AC20: =100/(AI23/(100*(100/($D$15/100)))) -> #DIV/0! | AD20: =+$AC$20*J5 -> #DIV/0! | AE20: =+$AC$20*K5 -> #DIV/0! | AF20: =+$AC$20*L5 -> #DIV/0! | AG20: =+$AC$20*M5 -> #DIV/0! | AH20: =+$AC$20*N5 -> #DIV/0! | AI20: =+$AC$20*O5 -> #DIV/0! | AJ20: =+$AC$20*P5 -> #DIV/0! | AK20: =+$AC$20*Q5 -> #DIV/0! | ... AQ20: =+$AC$20*W5 -> #DIV/0!
J21: =J11 -> 0 | K21: =K11-J11 -> 0 | L21: =L11-K11 -> 0 | M21: =M11-L11 -> 0 | N21: =N11-M11 -> 0 | O21: =O11-N11 -> 0 | P21: =P11-O11 -> 0 | Q21: =Q11-P11 -> 0 | R21: =R11-Q11 -> 0 | ... X21: =X11-W11 -> 0 | AC21: =+$AN$5+($D$15/100) -> 0.25 | AD21: =+$AN$5+($D$15/100) -> 0.25 | AE21: =+$AN$5+($D$15/100) -> 0.25 | AF21: =+$AN$5+($D$15/100) -> 0.25 | AG21: =+$AN$5+($D$15/100) -> 0.25 | AH21: =+$AN$5+($D$15/100) -> 0.25 | AI21: =+$AN$5+($D$15/100) -> 0.25 | AJ21: =+$AN$5+($D$15/100) -> 0.25 | ... AQ21: =+$AN$5+($D$15/100) -> 0.25
AC23: PL/HA-DATO ORIGEN GRAFICO= | AI23: =IF(B7="",D16,B7) -> 0
AC26: Densidad de siembra | AH26: =B7 -> 0
AC27: Distancia entre surcos | AH27: =D15/100 -> 0
AC28: Distancia eq 10 m2 (m) | AH28: =IF(AH27="","",10/AH27) -> #DIV/0!
J29: Observaciones: | AC29: Semillas/m lineal | AH29: =IF(AH27="","",1*(AH26/1000)/AH28) -> #DIV/0!
AC30: Distancia e/semillas(cm) | AH30: =IF(AH29="","",1/AH29*100) -> #DIV/0!
AC32: Doble (cm) | AH32: =IF(AH30="","",3) -> #DIV/0!
AC33: Fallo (cm) | AH33: =IF(AH27="","",2*AH30) -> #DIV/0!
AC34: Aceptable

Sheet L4
B1: RECUENTOS POR LOTE - MAIZ | AC1: Distanciamiento entre plantas- DATOS DE ORIGEN GRAFICO
B2: Establecimiento: | F2: Fecha: | K2: Estado Fenológico:
AC3: Sector 1 | AG3: Sector 2 | AK3: Sector 3
B4: Potrero: | D4: Dist.med. | E4: Plantas | F4: Desvío | G4: C.V. | H4: Distancias acumuladas entre plantas | AC4: S 1 | AE4: S 2 | AG4: S 1 | AI4: S 2 | AK4: S 1 | AM4: S 2
B5: Sitio: | D5: cm | E5: por ha | F5: plant.cm | J5: 2 | K5: 3 | L5: 4 | M5: 5 | N5: 6 | O5: 7 | P5: 8 | Q5: 9 | R5: 10 | S5: 11 | T5: 12 | U5: 13 | V5: 14 | W5: 15 | X5: 16 | AC5: {=TRANSPOSE(J6:X6)} -> 0 | AD5: 0.25 | AE5: {=TRANSPOSE(J7:X7)} -> 0 | AF5: =+AD5+($D$15/100) -> 0.25 | AG5: {=TRANSPOSE(J8:X8)} -> 0 | AH5: =+AF5+($D$15/100) -> 0.25 | AI5: {=TRANSPOSE(J9:X9)} -> 0 | AJ5: =+AH5+($D$15/100) -> 0.25 | AK5: {=TRANSPOSE(J10:X10)} -> 0 | AL5: =+AJ5+($D$15/100) -> 0.25 | AM5: {=TRANSPOSE(J11:X11)} -> 0 | AN5: =+AL5+($D$15/100) -> 0.25
B6: Densidad de Siembra: | D6: =IF(SUM(J16:X16)=0,0,AVERAGE(J16:X16)) -> 0 | E6: =IF(D6=0,"",100/D6/$D$15*100*10000) | F6: =IF(D6=0,"",STDEV(J16:X16)) | G6: =IF(F6="","",F6/D6) | H6: Sector 1 | I6: Surco 1 | AC6: 0 | AD6: =$AD$5 -> 0.25 | AE6: 0 | AF6: =+AD6+($D$15/100) -> 0.25 | AG6: 0 | AH6: =+AF6+($D$15/100) -> 0.25 | AI6: 0 | AJ6: =+AH6+($D$15/100) -> 0.25 | AK6: 0 | AL6: =+AJ6+($D$15/100) -> 0.25 | AM6: 0 | AN6: =+AL6+($D$15/100) -> 0.25
C7: sem/ha | D7: =IF(SUM(J17:X17)=0,0,AVERAGE(J17:X17)) -> 0 | E7: =IF(D7=0,"",100/D7/$D$15*100*10000) | F7: =IF(D7=0,"",STDEV(J17:X17)) | G7: =IF(F7="","",F7/D7) | I7: Surco 2 | AC7: 0 | AD7: =$AD$5 -> 0.25 | AE7: 0 | AF7: =+AD7+($D$15/100) -> 0.25 | AG7: 0 | AH7: =+AF7+($D$15/100) -> 0.25 | AI7: 0 | AJ7: =+AH7+($D$15/100) -> 0.25 | AK7: 0 | AL7: =+AJ7+($D$15/100) -> 0.25 | AM7: 0 | AN7: =+AL7+($D$15/100) -> 0.25
B8: Antecesor: | D8: =IF(SUM(J18:X18)=0,0,AVERAGE(J18:X18)) -> 0 | E8: =IF(D8=0,"",100/D8/$D$15*100*10000) | F8: =IF(D8=0,"",STDEV(J18:X18)) | G8: =IF(F8="","",F8/D8) | H8: Sector 2 | I8: Surco 1 | AC8: 0 | AD8: =$AD$5 -> 0.25 | AE8: 0 | AF8: =+AD8+($D$15/100) -> 0.25 | AG8: 0 | AH8: =+AF8+($D$15/100) -> 0.25 | AI8: 0 | AJ8: =+AH8+($D$15/100) -> 0.25 | AK8: 0 | AL8: =+AJ8+($D$15/100) -> 0.25 | AM8: 0 | AN8: =+AL8+($D$15/100) -> 0.25
D9: =IF(SUM(J19:X19)=0,0,AVERAGE(J19:X19)) -> 0 | E9: =IF(D9=0,"",100/D9/$D$15*100*10000) | F9: =IF(D9=0,"",STDEV(J19:X19)) | G9: =IF(F9="","",F9/D9) | I9: Surco 2 | AC9: 0 | AD9: =$AD$5 -> 0.25 | AE9: 0 | AF9: =+AD9+($D$15/100) -> 0.25 | AG9: 0 | AH9: =+AF9+($D$15/100) -> 0.25 | AI9: 0 | AJ9: =+AH9+($D$15/100) -> 0.25 | AK9: 0 | AL9: =+AJ9+($D$15/100) -> 0.25 | AM9: 0 | AN9: =+AL9+($D$15/100) -> 0.25
B10: Nombre Contratista: | D10: =IF(SUM(J20:X20)=0,0,AVERAGE(J20:X20)) -> 0 | E10: =IF(D10=0,"",100/D10/$D$15*100*10000) | F10: =IF(D10=0,"",STDEV(J20:X20)) | G10: =IF(F10="","",F10/D10) | H10: Sector 3 | I10: Surco 1 | AC10: 0 | AD10: =$AD$5 -> 0.25 | AE10: 0 | AF10: =+AD10+($D$15/100) -> 0.25 | AG10: 0 | AH10: =+AF10+($D$15/100) -> 0.25 | AI10: 0 | AJ10: =+AH10+($D$15/100) -> 0.25 | AK10: 0 | AL10: =+AJ10+($D$15/100) -> 0.25 | AM10: 0 | AN10: =+AL10+($D$15/100) -> 0.25
D11: =IF(SUM(J21:X21)=0,0,AVERAGE(J21:X21)) -> 0 | E11: =IF(D11=0,"",100/D11/$D$15*100*10000) | F11: =IF(D11=0,"",STDEV(J21:X21)) | G11: =IF(F11="","",F11/D11) | I11: Surco 2 | AC11: 0 | AD11: =$AD$5 -> 0.25 | AE11: 0 | AF11: =+AD11+($D$15/100) -> 0.25 | AG11: 0 | AH11: =+AF11+($D$15/100) -> 0.25 | AI11: 0 | AJ11: =+AH11+($D$15/100) -> 0.25 | AK11: 0 | AL11: =+AJ11+($D$15/100) -> 0.25 | AM11: 0 | AN11: =+AL11+($D$15/100) -> 0.25
B12: Sembradora: | AC12: 0 | AD12: =$AD$5 -> 0.25 | AE12: 0 | AF12: =+AD12+($D$15/100) -> 0.25 | AG12: 0 | AH12: =+AF12+($D$15/100) -> 0.25 | AI12: 0 | AJ12: =+AH12+($D$15/100) -> 0.25 | AK12: 0 | AL12: =+AJ12+($D$15/100) -> 0.25 | AM12: 0 | AN12: =+AL12+($D$15/100) -> 0.25
AC13: 0 | AD13: =$AD$5 -> 0.25 | AE13: 0 | AF13: =+AD13+($D$15/100) -> 0.25 | AG13: 0 | AH13: =+AF13+($D$15/100) -> 0.25 | AI13: 0 | AJ13: =+AH13+($D$15/100) -> 0.25 | AK13: 0 | AL13: =+AJ13+($D$15/100) -> 0.25 | AM13: 0 | AN13: =+AL13+($D$15/100) -> 0.25
D14: =IF(COUNTIF(D6:D13,">0"),SUM(D6:D13)/COUNTIF(D6:D13,">0"),"") | J14: Distancia entre plantas | AC14: 0 | AD14: =$AD$5 -> 0.25 | AE14: 0 | AF14: =+AD14+($D$15/100) -> 0.25 | AG14: 0 | AH14: =+AF14+($D$15/100) -> 0.25 | AI14: 0 | AJ14: =+AH14+($D$15/100) -> 0.25 | AK14: 0 | AL14: =+AJ14+($D$15/100) -> 0.25 | AM14: 0 | AN14: =+AL14+($D$15/100) -> 0.25
B15: Distancia e/surcos (cm) | E15: cm | F15: % Logro | J15: 1-2 | K15: 2-3 | L15: 3-4 | M15: 4-5 | N15: 5-6 | O15: 6-7 | P15: 7-8 | Q15: 8-9 | R15: 9-10 | S15: 10-11 | T15: 11-12 | U15: 12-13 | V15: 13-14 | W15: 14-15 | X15: 15-16 | AC15: 0 | AD15: =$AD$5 -> 0.25 | AE15: 0 | AF15: =+AD15+($D$15/100) -> 0.25 | AG15: 0 | AH15: =+AF15+($D$15/100) -> 0.25 | AI15: 0 | AJ15: =+AH15+($D$15/100) -> 0.25 | AK15: 0 | AL15: =+AJ15+($D$15/100) -> 0.25 | AM15: 0 | AN15: =+AL15+($D$15/100) -> 0.25
B16: Logro promedio de plantas | D16: =IF(SUM(E6:E13)=0,0,AVERAGE(E6:E13)) -> 0 | E16: ptas./ha | F16: =+IF(B7="","",D16/B7*100) | J16: =J6 -> 0 | K16: =K6-J6 -> 0 | L16: =L6-K6 -> 0 | M16: =M6-L6 -> 0 | N16: =N6-M6 -> 0 | O16: =O6-N6 -> 0 | P16: =P6-O6 -> 0 | Q16: =Q6-P6 -> 0 | R16: =R6-Q6 -> 0 | ... X16: =X6-W6 -> 0 | AC16: 0 | AD16: =$AD$5 -> 0.25 | AE16: 0 | AF16: =+AD16+($D$15/100) -> 0.25 | AG16: 0 | AH16: =+AF16+($D$15/100) -> 0.25 | AI16: 0 | AJ16: =+AH16+($D$15/100) -> 0.25 | AK16: 0 | AL16: =+AJ16+($D$15/100) -> 0.25 | AM16: 0 | AN16: =+AL16+($D$15/100) -> 0.25
B17: Desvío uniformidad planteo | D17: =IF(SUM(F6:F13)=0,0,AVERAGE(F6:F13)) -> 0 | E17: cm | J17: =J7 -> 0 | K17: =K7-J7 -> 0 | L17: =L7-K7 -> 0 | M17: =M7-L7 -> 0 | N17: =N7-M7 -> 0 | O17: =O7-N7 -> 0 | P17: =P7-O7 -> 0 | Q17: =Q7-P7 -> 0 | R17: =R7-Q7 -> 0 | ... X17: =X7-W7 -> 0 | AC17: 0 | AD17: =$AD$5 -> 0.25 | AE17: 0 | AF17: =+AD17+($D$15/100) -> 0.25 | AG17: 0 | AH17: =+AF17+($D$15/100) -> 0.25 | AI17: 0 | AJ17: =+AH17+($D$15/100) -> 0.25 | AK17: 0 | AL17: =+AJ17+($D$15/100) -> 0.25 | AM17: 0 | AN17: =+AL17+($D$15/100) -> 0.25
B18: COEFICIENTE DE VARIACIÓN | D18: =IF(SUM(G6:G13)=0,0,AVERAGE(G6:G13)) -> 0 | J18: =J8 -> 0 | K18: =K8-J8 -> 0 | L18: =L8-K8 -> 0 | M18: =M8-L8 -> 0 | N18: =N8-M8 -> 0 | O18: =O8-N8 -> 0 | P18: =P8-O8 -> 0 | Q18: =Q8-P8 -> 0 | R18: =R8-Q8 -> 0 | ... X18: =X8-W8 -> 0
J19: =J9 -> 0 | K19: =K9-J9 -> 0 | L19: =L9-K9 -> 0 | M19: =M9-L9 -> 0 | N19: =N9-M9 -> 0 | O19: =O9-N9 -> 0 | P19: =P9-O9 -> 0 | Q19: =Q9-P9 -> 0 | R19: =R9-Q9 -> 0 | ... X19: =X9-W9 -> 0 | AC19: DISTANCIAMIENTO ENTRE PLANTAS IDEAL-DATOS ORIGEN GRAFICO
B20: Distribución espacial | J20: =J10 -> 0 | K20: =K10-J10 -> 0 | L20: =L10-K10 -> 0 | M20: =M10-L10 -> 0 | N20: =N10-M10 -> 0 | O20: =O10-N10 -> 0 | P20: =P10-O10 -> 0 | Q20: =Q10-P10 -> 0 | R20: =R10-Q10 -> 0 | ... X20: =X10-W10 -> 0 | AC20: =100/(AI23/(100*(100/($D$15/100)))) -> #DIV/0! | AD20: =+$AC$20*J5 -> #DIV/0! | AE20: =+$AC$20*K5 -> #DIV/0! | AF20: =+$AC$20*L5 -> #DIV/0! | AG20: =+$AC$20*M5 -> #DIV/0! | AH20: =+$AC$20*N5 -> #DIV/0! | AI20: =+$AC$20*O5 -> #DIV/0! | AJ20: =+$AC$20*P5 -> #DIV/0! | AK20: =+$AC$20*Q5 -> #DIV/0! | ... AQ20: =+$AC$20*W5 -> #DIV/0!
J21: =J11 -> 0 | K21: =K11-J11 -> 0 | L21: =L11-K11 -> 0 | M21: =M11-L11 -> 0 | N21: =N11-M11 -> 0 | O21: =O11-N11 -> 0 | P21: =P11-O11 -> 0 | Q21: =Q11-P11 -> 0 | R21: =R11-Q11 -> 0 | ... X21: =X11-W11 -> 0 | AC21: =+$AN$5+($D$15/100) -> 0.25 | AD21: =+$AN$5+($D$15/100) -> 0.25 | AE21: =+$AN$5+($D$15/100) -> 0.25 | AF21: =+$AN$5+($D$15/100) -> 0.25 | AG21: =+$AN$5+($D$15/100) -> 0.25 | AH21: =+$AN$5+($D$15/100) -> 0.25 | AI21: =+$AN$5+($D$15/100) -> 0.25 | AJ21: =+$AN$5+($D$15/100) -> 0.25 | ... AQ21: =+$AN$5+($D$15/100) -> 0.25
AC23: PL/HA-DATO ORIGEN GRAFICO= | AI23: =IF(B7="",D16,B7) -> 0
AC26: Densidad de siembra | AH26: =B7 -> 0
AC27: Distancia entre surcos | AH27: =D15/100 -> 0
AC28: Distancia eq 10 m2 (m) | AH28: =IF(AH27="","",10/AH27) -> #DIV/0!
J29: Observaciones: | AC29: Semillas/m lineal | AH29: =IF(AH27="","",1*(AH26/1000)/AH28) -> #DIV/0!
AC30: Distancia e/semillas(cm) | AH30: =IF(AH29="","",1/AH29*100) -> #DIV/0!
AC32: Doble (cm) | AH32: =IF(AH30="","",3) -> #DIV/0!
AC33: Fallo (cm) | AH33: =IF(AH27="","",2*AH30) -> #DIV/0!
AC34: Aceptable

Sheet L5
B1: RECUENTOS POR LOTE - MAIZ | AC1: Distanciamiento entre plantas- DATOS DE ORIGEN GRAFICO
B2: Establecimiento: | F2: Fecha: | K2: Estado Fenológico:
AC3: Sector 1 | AG3: Sector 2 | AK3: Sector 3
B4: Potrero: | D4: Dist.med. | E4: Plantas | F4: Desvío | G4: C.V. | H4: Distancias acumuladas entre plantas | AC4: S 1 | AE4: S 2 | AG4: S 1 | AI4: S 2 | AK4: S 1 | AM4: S 2
B5: Sitio: | D5: cm | E5: por ha | F5: plant.cm | J5: 2 | K5: 3 | L5: 4 | M5: 5 | N5: 6 | O5: 7 | P5: 8 | Q5: 9 | R5: 10 | S5: 11 | T5: 12 | U5: 13 | V5: 14 | W5: 15 | X5: 16 | AC5: {=TRANSPOSE(J6:X6)} -> 0 | AD5: 0.25 | AE5: {=TRANSPOSE(J7:X7)} -> 0 | AF5: =+AD5+($D$15/100) -> 0.25 | AG5: {=TRANSPOSE(J8:X8)} -> 0 | AH5: =+AF5+($D$15/100) -> 0.25 | AI5: {=TRANSPOSE(J9:X9)} -> 0 | AJ5: =+AH5+($D$15/100) -> 0.25 | AK5: {=TRANSPOSE(J10:X10)} -> 0 | AL5: =+AJ5+($D$15/100) -> 0.25 | AM5: {=TRANSPOSE(J11:X11)} -> 0 | AN5: =+AL5+($D$15/100) -> 0.25
B6: Densidad de Siembra: | D6: =IF(SUM(J16:X16)=0,0,AVERAGE(J16:X16)) -> 0 | E6: =IF(D6=0,"",100/D6/$D$15*100*10000) | F6: =IF(D6=0,"",STDEV(J16:X16)) | G6: =IF(F6="","",F6/D6) | H6: Sector 1 | I6: Surco 1 | AC6: 0 | AD6: =$AD$5 -> 0.25 | AE6: 0 | AF6: =+AD6+($D$15/100) -> 0.25 | AG6: 0 | AH6: =+AF6+($D$15/100) -> 0.25 | AI6: 0 | AJ6: =+AH6+($D$15/100) -> 0.25 | AK6: 0 | AL6: =+AJ6+($D$15/100) -> 0.25 | AM6: 0 | AN6: =+AL6+($D$15/100) -> 0.25
C7: sem/ha | D7: =IF(SUM(J17:X17)=0,0,AVERAGE(J17:X17)) -> 0 | E7: =IF(D7=0,"",100/D7/$D$15*100*10000) | F7: =IF(D7=0,"",STDEV(J17:X17)) | G7: =IF(F7="","",F7/D7) | I7: Surco 2 | AC7: 0 | AD7: =$AD$5 -> 0.25 | AE7: 0 | AF7: =+AD7+($D$15/100) -> 0.25 | AG7: 0 | AH7: =+AF7+($D$15/100) -> 0.25 | AI7: 0 | AJ7: =+AH7+($D$15/100) -> 0.25 | AK7: 0 | AL7: =+AJ7+($D$15/100) -> 0.25 | AM7: 0 | AN7: =+AL7+($D$15/100) -> 0.25
B8: Antecesor: | D8: =IF(SUM(J18:X18)=0,0,AVERAGE(J18:X18)) -> 0 | E8: =IF(D8=0,"",100/D8/$D$15*100*10000) | F8: =IF(D8=0,"",STDEV(J18:X18)) | G8: =IF(F8="","",F8/D8) | H8: Sector 2 | I8: Surco 1 | AC8: 0 | AD8: =$AD$5 -> 0.25 | AE8: 0 | AF8: =+AD8+($D$15/100) -> 0.25 | AG8: 0 | AH8: =+AF8+($D$15/100) -> 0.25 | AI8: 0 | AJ8: =+AH8+($D$15/100) -> 0.25 | AK8: 0 | AL8: =+AJ8+($D$15/100) -> 0.25 | AM8: 0 | AN8: =+AL8+($D$15/100) -> 0.25
D9: =IF(SUM(J19:X19)=0,0,AVERAGE(J19:X19)) -> 0 | E9: =IF(D9=0,"",100/D9/$D$15*100*10000) | F9: =IF(D9=0,"",STDEV(J19:X19)) | G9: =IF(F9="","",F9/D9) | I9: Surco 2 | AC9: 0 | AD9: =$AD$5 -> 0.25 | AE9: 0 | AF9: =+AD9+($D$15/100) -> 0.25 | AG9: 0 | AH9: =+AF9+($D$15/100) -> 0.25 | AI9: 0 | AJ9: =+AH9+($D$15/100) -> 0.25 | AK9: 0 | AL9: =+AJ9+($D$15/100) -> 0.25 | AM9: 0 | AN9: =+AL9+($D$15/100) -> 0.25
B10: Nombre Contratista: | D10: =IF(SUM(J20:X20)=0,0,AVERAGE(J20:X20)) -> 0 | E10: =IF(D10=0,"",100/D10/$D$15*100*10000) | F10: =IF(D10=0,"",STDEV(J20:X20)) | G10: =IF(F10="","",F10/D10) | H10: Sector 3 | I10: Surco 1 | AC10: 0 | AD10: =$AD$5 -> 0.25 | AE10: 0 | AF10: =+AD10+($D$15/100) -> 0.25 | AG10: 0 | AH10: =+AF10+($D$15/100) -> 0.25 | AI10: 0 | AJ10: =+AH10+($D$15/100) -> 0.25 | AK10: 0 | AL10: =+AJ10+($D$15/100) -> 0.25 | AM10: 0 | AN10: =+AL10+($D$15/100) -> 0.25
D11: =IF(SUM(J21:X21)=0,0,AVERAGE(J21:X21)) -> 0 | E11: =IF(D11=0,"",100/D11/$D$15*100*10000) | F11: =IF(D11=0,"",STDEV(J21:X21)) | G11: =IF(F11="","",F11/D11) | I11: Surco 2 | AC11: 0 | AD11: =$AD$5 -> 0.25 | AE11: 0 | AF11: =+AD11+($D$15/100) -> 0.25 | AG11: 0 | AH11: =+AF11+($D$15/100) -> 0.25 | AI11: 0 | AJ11: =+AH11+($D$15/100) -> 0.25 | AK11: 0 | AL11: =+AJ11+($D$15/100) -> 0.25 | AM11: 0 | AN11: =+AL11+($D$15/100) -> 0.25
B12: Sembradora: | AC12: 0 | AD12: =$AD$5 -> 0.25 | AE12: 0 | AF12: =+AD12+($D$15/100) -> 0.25 | AG12: 0 | AH12: =+AF12+($D$15/100) -> 0.25 | AI12: 0 | AJ12: =+AH12+($D$15/100) -> 0.25 | AK12: 0 | AL12: =+AJ12+($D$15/100) -> 0.25 | AM12: 0 | AN12: =+AL12+($D$15/100) -> 0.25
AC13: 0 | AD13: =$AD$5 -> 0.25 | AE13: 0 | AF13: =+AD13+($D$15/100) -> 0.25 | AG13: 0 | AH13: =+AF13+($D$15/100) -> 0.25 | AI13: 0 | AJ13: =+AH13+($D$15/100) -> 0.25 | AK13: 0 | AL13: =+AJ13+($D$15/100) -> 0.25 | AM13: 0 | AN13: =+AL13+($D$15/100) -> 0.25
D14: =IF(COUNTIF(D6:D13,">0"),SUM(D6:D13)/COUNTIF(D6:D13,">0"),"") | J14: Distancia entre plantas | AC14: 0 | AD14: =$AD$5 -> 0.25 | AE14: 0 | AF14: =+AD14+($D$15/100) -> 0.25 | AG14: 0 | AH14: =+AF14+($D$15/100) -> 0.25 | AI14: 0 | AJ14: =+AH14+($D$15/100) -> 0.25 | AK14: 0 | AL14: =+AJ14+($D$15/100) -> 0.25 | AM14: 0 | AN14: =+AL14+($D$15/100) -> 0.25
B15: Distancia e/surcos (cm) | E15: cm | F15: % Logro | J15: 1-2 | K15: 2-3 | L15: 3-4 | M15: 4-5 | N15: 5-6 | O15: 6-7 | P15: 7-8 | Q15: 8-9 | R15: 9-10 | S15: 10-11 | T15: 11-12 | U15: 12-13 | V15: 13-14 | W15: 14-15 | X15: 15-16 | AC15: 0 | AD15: =$AD$5 -> 0.25 | AE15: 0 | AF15: =+AD15+($D$15/100) -> 0.25 | AG15: 0 | AH15: =+AF15+($D$15/100) -> 0.25 | AI15: 0 | AJ15: =+AH15+($D$15/100) -> 0.25 | AK15: 0 | AL15: =+AJ15+($D$15/100) -> 0.25 | AM15: 0 | AN15: =+AL15+($D$15/100) -> 0.25
B16: Logro promedio de plantas | D16: =IF(SUM(E6:E13)=0,0,AVERAGE(E6:E13)) -> 0 | E16: ptas./ha | F16: =+IF(B7="","",D16/B7*100) | J16: =J6 -> 0 | K16: =K6-J6 -> 0 | L16: =L6-K6 -> 0 | M16: =M6-L6 -> 0 | N16: =N6-M6 -> 0 | O16: =O6-N6 -> 0 | P16: =P6-O6 -> 0 | Q16: =Q6-P6 -> 0 | R16: =R6-Q6 -> 0 | ... X16: =X6-W6 -> 0 | AC16: 0 | AD16: =$AD$5 -> 0.25 | AE16: 0 | AF16: =+AD16+($D$15/100) -> 0.25 | AG16: 0 | AH16: =+AF16+($D$15/100) -> 0.25 | AI16: 0 | AJ16: =+AH16+($D$15/100) -> 0.25 | AK16: 0 | AL16: =+AJ16+($D$15/100) -> 0.25 | AM16: 0 | AN16: =+AL16+($D$15/100) -> 0.25
B17: Desvío uniformidad planteo | D17: =IF(SUM(F6:F13)=0,0,AVERAGE(F6:F13)) -> 0 | E17: cm | J17: =J7 -> 0 | K17: =K7-J7 -> 0 | L17: =L7-K7 -> 0 | M17: =M7-L7 -> 0 | N17: =N7-M7 -> 0 | O17: =O7-N7 -> 0 | P17: =P7-O7 -> 0 | Q17: =Q7-P7 -> 0 | R17: =R7-Q7 -> 0 | ... X17: =X7-W7 -> 0 | AC17: 0 | AD17: =$AD$5 -> 0.25 | AE17: 0 | AF17: =+AD17+($D$15/100) -> 0.25 | AG17: 0 | AH17: =+AF17+($D$15/100) -> 0.25 | AI17: 0 | AJ17: =+AH17+($D$15/100) -> 0.25 | AK17: 0 | AL17: =+AJ17+($D$15/100) -> 0.25 | AM17: 0 | AN17: =+AL17+($D$15/100) -> 0.25
B18: COEFICIENTE DE VARIACIÓN | D18: =IF(SUM(G6:G13)=0,0,AVERAGE(G6:G13)) -> 0 | J18: =J8 -> 0 | K18: =K8-J8 -> 0 | L18: =L8-K8 -> 0 | M18: =M8-L8 -> 0 | N18: =N8-M8 -> 0 | O18: =O8-N8 -> 0 | P18: =P8-O8 -> 0 | Q18: =Q8-P8 -> 0 | R18: =R8-Q8 -> 0 | ... X18: =X8-W8 -> 0
J19: =J9 -> 0 | K19: =K9-J9 -> 0 | L19: =L9-K9 -> 0 | M19: =M9-L9 -> 0 | N19: =N9-M9 -> 0 | O19: =O9-N9 -> 0 | P19: =P9-O9 -> 0 | Q19: =Q9-P9 -> 0 | R19: =R9-Q9 -> 0 | ... X19: =X9-W9 -> 0 | AC19: DISTANCIAMIENTO ENTRE PLANTAS IDEAL-DATOS ORIGEN GRAFICO
B20: Distribución espacial | J20: =J10 -> 0 | K20: =K10-J10 -> 0 | L20: =L10-K10 -> 0 | M20: =M10-L10 -> 0 | N20: =N10-M10 -> 0 | O20: =O10-N10 -> 0 | P20: =P10-O10 -> 0 | Q20: =Q10-P10 -> 0 | R20: =R10-Q10 -> 0 | ... X20: =X10-W10 -> 0 | AC20: =100/(AI23/(100*(100/($D$15/100)))) -> #DIV/0! | AD20: =+$AC$20*J5 -> #DIV/0! | AE20: =+$AC$20*K5 -> #DIV/0! | AF20: =+$AC$20*L5 -> #DIV/0! | AG20: =+$AC$20*M5 -> #DIV/0! | AH20: =+$AC$20*N5 -> #DIV/0! | AI20: =+$AC$20*O5 -> #DIV/0! | AJ20: =+$AC$20*P5 -> #DIV/0! | AK20: =+$AC$20*Q5 -> #DIV/0! | ... AQ20: =+$AC$20*W5 -> #DIV/0!
J21: =J11 -> 0 | K21: =K11-J11 -> 0 | L21: =L11-K11 -> 0 | M21: =M11-L11 -> 0 | N21: =N11-M11 -> 0 | O21: =O11-N11 -> 0 | P21: =P11-O11 -> 0 | Q21: =Q11-P11 -> 0 | R21: =R11-Q11 -> 0 | ... X21: =X11-W11 -> 0 | AC21: =+$AN$5+($D$15/100) -> 0.25 | AD21: =+$AN$5+($D$15/100) -> 0.25 | AE21: =+$AN$5+($D$15/100) -> 0.25 | AF21: =+$AN$5+($D$15/100) -> 0.25 | AG21: =+$AN$5+($D$15/100) -> 0.25 | AH21: =+$AN$5+($D$15/100) -> 0.25 | AI21: =+$AN$5+($D$15/100) -> 0.25 | AJ21: =+$AN$5+($D$15/100) -> 0.25 | ... AQ21: =+$AN$5+($D$15/100) -> 0.25
AC23: PL/HA-DATO ORIGEN GRAFICO= | AI23: =IF(B7="",D16,B7) -> 0
AC26: Densidad de siembra | AH26: =B7 -> 0
AC27: Distancia entre surcos | AH27: =D15/100 -> 0
AC28: Distancia eq 10 m2 (m) | AH28: =IF(AH27="","",10/AH27) -> #DIV/0!
J29: Observaciones: | AC29: Semillas/m lineal | AH29: =IF(AH27="","",1*(AH26/1000)/AH28) -> #DIV/0!
AC30: Distancia e/semillas(cm) | AH30: =IF(AH29="","",1/AH29*100) -> #DIV/0!
AC32: Doble (cm) | AH32: =IF(AH30="","",3) -> #DIV/0!
AC33: Fallo (cm) | AH33: =IF(AH27="","",2*AH30) -> #DIV/0!
AC34: Aceptable

Sheet L6
B1: RECUENTOS POR LOTE - MAIZ | AC1: Distanciamiento entre plantas- DATOS DE ORIGEN GRAFICO
B2: Establecimiento: | F2: Fecha: | K2: Estado Fenológico:
AC3: Sector 1 | AG3: Sector 2 | AK3: Sector 3
B4: Potrero: | D4: Dist.med. | E4: Plantas | F4: Desvío | G4: C.V. | H4: Distancias acumuladas entre plantas | AC4: S 1 | AE4: S 2 | AG4: S 1 | AI4: S 2 | AK4: S 1 | AM4: S 2
B5: Sitio: | D5: cm | E5: por ha | F5: plant.cm | J5: 2 | K5: 3 | L5: 4 | M5: 5 | N5: 6 | O5: 7 | P5: 8 | Q5: 9 | R5: 10 | S5: 11 | T5: 12 | U5: 13 | V5: 14 | W5: 15 | X5: 16 | AC5: {=TRANSPOSE(J6:X6)} -> 0 | AD5: 0.25 | AE5: {=TRANSPOSE(J7:X7)} -> 0 | AF5: =+AD5+($D$15/100) -> 0.25 | AG5: {=TRANSPOSE(J8:X8)} -> 0 | AH5: =+AF5+($D$15/100) -> 0.25 | AI5: {=TRANSPOSE(J9:X9)} -> 0 | AJ5: =+AH5+($D$15/100) -> 0.25 | AK5: {=TRANSPOSE(J10:X10)} -> 0 | AL5: =+AJ5+($D$15/100) -> 0.25 | AM5: {=TRANSPOSE(J11:X11)} -> 0 | AN5: =+AL5+($D$15/100) -> 0.25
B6: Densidad de Siembra: | D6: =IF(SUM(J16:X16)=0,0,AVERAGE(J16:X16)) -> 0 | E6: =IF(D6=0,"",100/D6/$D$15*100*10000) | F6: =IF(D6=0,"",STDEV(J16:X16)) | G6: =IF(F6="","",F6/D6) | H6: Sector 1 | I6: Surco 1 | AC6: 0 | AD6: =$AD$5 -> 0.25 | AE6: 0 | AF6: =+AD6+($D$15/100) -> 0.25 | AG6: 0 | AH6: =+AF6+($D$15/100) -> 0.25 | AI6: 0 | AJ6: =+AH6+($D$15/100) -> 0.25 | AK6: 0 | AL6: =+AJ6+($D$15/100) -> 0.25 | AM6: 0 | AN6: =+AL6+($D$15/100) -> 0.25
C7: sem/ha | D7: =IF(SUM(J17:X17)=0,0,AVERAGE(J17:X17)) -> 0 | E7: =IF(D7=0,"",100/D7/$D$15*100*10000) | F7: =IF(D7=0,"",STDEV(J17:X17)) | G7: =IF(F7="","",F7/D7) | I7: Surco 2 | AC7: 0 | AD7: =$AD$5 -> 0.25 | AE7: 0 | AF7: =+AD7+($D$15/100) -> 0.25 | AG7: 0 | AH7: =+AF7+($D$15/100) -> 0.25 | AI7: 0 | AJ7: =+AH7+($D$15/100) -> 0.25 | AK7: 0 | AL7: =+AJ7+($D$15/100) -> 0.25 | AM7: 0 | AN7: =+AL7+($D$15/100) -> 0.25
B8: Antecesor: | D8: =IF(SUM(J18:X18)=0,0,AVERAGE(J18:X18)) -> 0 | E8: =IF(D8=0,"",100/D8/$D$15*100*10000) | F8: =IF(D8=0,"",STDEV(J18:X18)) | G8: =IF(F8="","",F8/D8) | H8: Sector 2 | I8: Surco 1 | AC8: 0 | AD8: =$AD$5 -> 0.25 | AE8: 0 | AF8: =+AD8+($D$15/100) -> 0.25 | AG8: 0 | AH8: =+AF8+($D$15/100) -> 0.25 | AI8: 0 | AJ8: =+AH8+($D$15/100) -> 0.25 | AK8: 0 | AL8: =+AJ8+($D$15/100) -> 0.25 | AM8: 0 | AN8: =+AL8+($D$15/100) -> 0.25
D9: =IF(SUM(J19:X19)=0,0,AVERAGE(J19:X19)) -> 0 | E9: =IF(D9=0,"",100/D9/$D$15*100*10000) | F9: =IF(D9=0,"",STDEV(J19:X19)) | G9: =IF(F9="","",F9/D9) | I9: Surco 2 | AC9: 0 | AD9: =$AD$5 -> 0.25 | AE9: 0 | AF9: =+AD9+($D$15/100) -> 0.25 | AG9: 0 | AH9: =+AF9+($D$15/100) -> 0.25 | AI9: 0 | AJ9: =+AH9+($D$15/100) -> 0.25 | AK9: 0 | AL9: =+AJ9+($D$15/100) -> 0.25 | AM9: 0 | AN9: =+AL9+($D$15/100) -> 0.25
B10: Nombre Contratista: | D10: =IF(SUM(J20:X20)=0,0,AVERAGE(J20:X20)) -> 0 | E10: =IF(D10=0,"",100/D10/$D$15*100*10000) | F10: =IF(D10=0,"",STDEV(J20:X20)) | G10: =IF(F10="","",F10/D10) | H10: Sector 3 | I10: Surco 1 | AC10: 0 | AD10: =$AD$5 -> 0.25 | AE10: 0 | AF10: =+AD10+($D$15/100) -> 0.25 | AG10: 0 | AH10: =+AF10+($D$15/100) -> 0.25 | AI10: 0 | AJ10: =+AH10+($D$15/100) -> 0.25 | AK10: 0 | AL10: =+AJ10+($D$15/100) -> 0.25 | AM10: 0 | AN10: =+AL10+($D$15/100) -> 0.25
D11: =IF(SUM(J21:X21)=0,0,AVERAGE(J21:X21)) -> 0 | E11: =IF(D11=0,"",100/D11/$D$15*100*10000) | F11: =IF(D11=0,"",STDEV(J21:X21)) | G11: =IF(F11="","",F11/D11) | I11: Surco 2 | AC11: 0 | AD11: =$AD$5 -> 0.25 | AE11: 0 | AF11: =+AD11+($D$15/100) -> 0.25 | AG11: 0 | AH11: =+AF11+($D$15/100) -> 0.25 | AI11: 0 | AJ11: =+AH11+($D$15/100) -> 0.25 | AK11: 0 | AL11: =+AJ11+($D$15/100) -> 0.25 | AM11: 0 | AN11: =+AL11+($D$15/100) -> 0.25
B12: Sembradora: | AC12: 0 | AD12: =$AD$5 -> 0.25 | AE12: 0 | AF12: =+AD12+($D$15/100) -> 0.25 | AG12: 0 | AH12: =+AF12+($D$15/100) -> 0.25 | AI12: 0 | AJ12: =+AH12+($D$15/100) -> 0.25 | AK12: 0 | AL12: =+AJ12+($D$15/100) -> 0.25 | AM12: 0 | AN12: =+AL12+($D$15/100) -> 0.25
AC13: 0 | AD13: =$AD$5 -> 0.25 | AE13: 0 | AF13: =+AD13+($D$15/100) -> 0.25 | AG13: 0 | AH13: =+AF13+($D$15/100) -> 0.25 | AI13: 0 | AJ13: =+AH13+($D$15/100) -> 0.25 | AK13: 0 | AL13: =+AJ13+($D$15/100) -> 0.25 | AM13: 0 | AN13: =+AL13+($D$15/100) -> 0.25
D14: =IF(COUNTIF(D6:D13,">0"),SUM(D6:D13)/COUNTIF(D6:D13,">0"),"") | J14: Distancia entre plantas | AC14: 0 | AD14: =$AD$5 -> 0.25 | AE14: 0 | AF14: =+AD14+($D$15/100) -> 0.25 | AG14: 0 | AH14: =+AF14+($D$15/100) -> 0.25 | AI14: 0 | AJ14: =+AH14+($D$15/100) -> 0.25 | AK14: 0 | AL14: =+AJ14+($D$15/100) -> 0.25 | AM14: 0 | AN14: =+AL14+($D$15/100) -> 0.25
B15: Distancia e/surcos (cm) | E15: cm | F15: % Logro | J15: 1-2 | K15: 2-3 | L15: 3-4 | M15: 4-5 | N15: 5-6 | O15: 6-7 | P15: 7-8 | Q15: 8-9 | R15: 9-10 | S15: 10-11 | T15: 11-12 | U15: 12-13 | V15: 13-14 | W15: 14-15 | X15: 15-16 | AC15: 0 | AD15: =$AD$5 -> 0.25 | AE15: 0 | AF15: =+AD15+($D$15/100) -> 0.25 | AG15: 0 | AH15: =+AF15+($D$15/100) -> 0.25 | AI15: 0 | AJ15: =+AH15+($D$15/100) -> 0.25 | AK15: 0 | AL15: =+AJ15+($D$15/100) -> 0.25 | AM15: 0 | AN15: =+AL15+($D$15/100) -> 0.25
B16: Logro promedio de plantas | D16: =IF(SUM(E6:E13)=0,0,AVERAGE(E6:E13)) -> 0 | E16: ptas./ha | F16: =+IF(B7="","",D16/B7*100) | J16: =J6 -> 0 | K16: =K6-J6 -> 0 | L16: =L6-K6 -> 0 | M16: =M6-L6 -> 0 | N16: =N6-M6 -> 0 | O16: =O6-N6 -> 0 | P16: =P6-O6 -> 0 | Q16: =Q6-P6 -> 0 | R16: =R6-Q6 -> 0 | ... X16: =X6-W6 -> 0 | AC16: 0 | AD16: =$AD$5 -> 0.25 | AE16: 0 | AF16: =+AD16+($D$15/100) -> 0.25 | AG16: 0 | AH16: =+AF16+($D$15/100) -> 0.25 | AI16: 0 | AJ16: =+AH16+($D$15/100) -> 0.25 | AK16: 0 | AL16: =+AJ16+($D$15/100) -> 0.25 | AM16: 0 | AN16: =+AL16+($D$15/100) -> 0.25
B17: Desvío uniformidad planteo | D17: =IF(SUM(F6:F13)=0,0,AVERAGE(F6:F13)) -> 0 | E17: cm | J17: =J7 -> 0 | K17: =K7-J7 -> 0 | L17: =L7-K7 -> 0 | M17: =M7-L7 -> 0 | N17: =N7-M7 -> 0 | O17: =O7-N7 -> 0 | P17: =P7-O7 -> 0 | Q17: =Q7-P7 -> 0 | R17: =R7-Q7 -> 0 | ... X17: =X7-W7 -> 0 | AC17: 0 | AD17: =$AD$5 -> 0.25 | AE17: 0 | AF17: =+AD17+($D$15/100) -> 0.25 | AG17: 0 | AH17: =+AF17+($D$15/100) -> 0.25 | AI17: 0 | AJ17: =+AH17+($D$15/100) -> 0.25 | AK17: 0 | AL17: =+AJ17+($D$15/100) -> 0.25 | AM17: 0 | AN17: =+AL17+($D$15/100) -> 0.25
B18: COEFICIENTE DE VARIACIÓN | D18: =IF(SUM(G6:G13)=0,0,AVERAGE(G6:G13)) -> 0 | J18: =J8 -> 0 | K18: =K8-J8 -> 0 | L18: =L8-K8 -> 0 | M18: =M8-L8 -> 0 | N18: =N8-M8 -> 0 | O18: =O8-N8 -> 0 | P18: =P8-O8 -> 0 | Q18: =Q8-P8 -> 0 | R18: =R8-Q8 -> 0 | ... X18: =X8-W8 -> 0
J19: =J9 -> 0 | K19: =K9-J9 -> 0 | L19: =L9-K9 -> 0 | M19: =M9-L9 -> 0 | N19: =N9-M9 -> 0 | O19: =O9-N9 -> 0 | P19: =P9-O9 -> 0 | Q19: =Q9-P9 -> 0 | R19: =R9-Q9 -> 0 | ... X19: =X9-W9 -> 0 | AC19: DISTANCIAMIENTO ENTRE PLANTAS IDEAL-DATOS ORIGEN GRAFICO
B20: Distribución espacial | J20: =J10 -> 0 | K20: =K10-J10 -> 0 | L20: =L10-K10 -> 0 | M20: =M10-L10 -> 0 | N20: =N10-M10 -> 0 | O20: =O10-N10 -> 0 | P20: =P10-O10 -> 0 | Q20: =Q10-P10 -> 0 | R20: =R10-Q10 -> 0 | ... X20: =X10-W10 -> 0 | AC20: =100/(AI23/(100*(100/($D$15/100)))) -> #DIV/0! | AD20: =+$AC$20*J5 -> #DIV/0! | AE20: =+$AC$20*K5 -> #DIV/0! | AF20: =+$AC$20*L5 -> #DIV/0! | AG20: =+$AC$20*M5 -> #DIV/0! | AH20: =+$AC$20*N5 -> #DIV/0! | AI20: =+$AC$20*O5 -> #DIV/0! | AJ20: =+$AC$20*P5 -> #DIV/0! | AK20: =+$AC$20*Q5 -> #DIV/0! | ... AQ20: =+$AC$20*W5 -> #DIV/0!
J21: =J11 -> 0 | K21: =K11-J11 -> 0 | L21: =L11-K11 -> 0 | M21: =M11-L11 -> 0 | N21: =N11-M11 -> 0 | O21: =O11-N11 -> 0 | P21: =P11-O11 -> 0 | Q21: =Q11-P11 -> 0 | R21: =R11-Q11 -> 0 | ... X21: =X11-W11 -> 0 | AC21: =+$AN$5+($D$15/100) -> 0.25 | AD21: =+$AN$5+($D$15/100) -> 0.25 | AE21: =+$AN$5+($D$15/100) -> 0.25 | AF21: =+$AN$5+($D$15/100) -> 0.25 | AG21: =+$AN$5+($D$15/100) -> 0.25 | AH21: =+$AN$5+($D$15/100) -> 0.25 | AI21: =+$AN$5+($D$15/100) -> 0.25 | AJ21: =+$AN$5+($D$15/100) -> 0.25 | ... AQ21: =+$AN$5+($D$15/100) -> 0.25
AC23: PL/HA-DATO ORIGEN GRAFICO= | AI23: =IF(B7="",D16,B7) -> 0
AC26: Densidad de siembra | AH26: =B7 -> 0
AC27: Distancia entre surcos | AH27: =D15/100 -> 0
AC28: Distancia eq 10 m2 (m) | AH28: =IF(AH27="","",10/AH27) -> #DIV/0!
J29: Observaciones: | AC29: Semillas/m lineal | AH29: =IF(AH27="","",1*(AH26/1000)/AH28) -> #DIV/0!
AC30: Distancia e/semillas(cm) | AH30: =IF(AH29="","",1/AH29*100) -> #DIV/0!
AC32: Doble (cm) | AH32: =IF(AH30="","",3) -> #DIV/0!
AC33: Fallo (cm) | AH33: =IF(AH27="","",2*AH30) -> #DIV/0!
AC34: Aceptable

Sheet L7
B1: RECUENTOS POR LOTE - MAIZ | AC1: Distanciamiento entre plantas- DATOS DE ORIGEN GRAFICO
B2: Establecimiento: | F2: Fecha: | K2: Estado Fenológico:
AC3: Sector 1 | AG3: Sector 2 | AK3: Sector 3
B4: Potrero: | D4: Dist.med. | E4: Plantas | F4: Desvío | G4: C.V. | H4: Distancias acumuladas entre plantas | AC4: S 1 | AE4: S 2 | AG4: S 1 | AI4: S 2 | AK4: S 1 | AM4: S 2
B5: Sitio: | D5: cm | E5: por ha | F5: plant.cm | J5: 2 | K5: 3 | L5: 4 | M5: 5 | N5: 6 | O5: 7 | P5: 8 | Q5: 9 | R5: 10 | S5: 11 | T5: 12 | U5: 13 | V5: 14 | W5: 15 | X5: 16 | AC5: {=TRANSPOSE(J6:X6)} -> 0 | AD5: 0.25 | AE5: {=TRANSPOSE(J7:X7)} -> 0 | AF5: =+AD5+($D$15/100) -> 0.25 | AG5: {=TRANSPOSE(J8:X8)} -> 0 | AH5: =+AF5+($D$15/100) -> 0.25 | AI5: {=TRANSPOSE(J9:X9)} -> 0 | AJ5: =+AH5+($D$15/100) -> 0.25 | AK5: {=TRANSPOSE(J10:X10)} -> 0 | AL5: =+AJ5+($D$15/100) -> 0.25 | AM5: {=TRANSPOSE(J11:X11)} -> 0 | AN5: =+AL5+($D$15/100) -> 0.25
B6: Densidad de Siembra: | D6: =IF(SUM(J16:X16)=0,0,AVERAGE(J16:X16)) -> 0 | E6: =IF(D6=0,"",100/D6/$D$15*100*10000) | F6: =IF(D6=0,"",STDEV(J16:X16)) | G6: =IF(F6="","",F6/D6) | H6: Sector 1 | I6: Surco 1 | AC6: 0 | AD6: =$AD$5 -> 0.25 | AE6: 0 | AF6: =+AD6+($D$15/100) -> 0.25 | AG6: 0 | AH6: =+AF6+($D$15/100) -> 0.25 | AI6: 0 | AJ6: =+AH6+($D$15/100) -> 0.25 | AK6: 0 | AL6: =+AJ6+($D$15/100) -> 0.25 | AM6: 0 | AN6: =+AL6+($D$15/100) -> 0.25
C7: sem/ha | D7: =IF(SUM(J17:X17)=0,0,AVERAGE(J17:X17)) -> 0 | E7: =IF(D7=0,"",100/D7/$D$15*100*10000) | F7: =IF(D7=0,"",STDEV(J17:X17)) | G7: =IF(F7="","",F7/D7) | I7: Surco 2 | AC7: 0 | AD7: =$AD$5 -> 0.25 | AE7: 0 | AF7: =+AD7+($D$15/100) -> 0.25 | AG7: 0 | AH7: =+AF7+($D$15/100) -> 0.25 | AI7: 0 | AJ7: =+AH7+($D$15/100) -> 0.25 | AK7: 0 | AL7: =+AJ7+($D$15/100) -> 0.25 | AM7: 0 | AN7: =+AL7+($D$15/100) -> 0.25
B8: Antecesor: | D8: =IF(SUM(J18:X18)=0,0,AVERAGE(J18:X18)) -> 0 | E8: =IF(D8=0,"",100/D8/$D$15*100*10000) | F8: =IF(D8=0,"",STDEV(J18:X18)) | G8: =IF(F8="","",F8/D8) | H8: Sector 2 | I8: Surco 1 | AC8: 0 | AD8: =$AD$5 -> 0.25 | AE8: 0 | AF8: =+AD8+($D$15/100) -> 0.25 | AG8: 0 | AH8: =+AF8+($D$15/100) -> 0.25 | AI8: 0 | AJ8: =+AH8+($D$15/100) -> 0.25 | AK8: 0 | AL8: =+AJ8+($D$15/100) -> 0.25 | AM8: 0 | AN8: =+AL8+($D$15/100) -> 0.25
D9: =IF(SUM(J19:X19)=0,0,AVERAGE(J19:X19)) -> 0 | E9: =IF(D9=0,"",100/D9/$D$15*100*10000) | F9: =IF(D9=0,"",STDEV(J19:X19)) | G9: =IF(F9="","",F9/D9) | I9: Surco 2 | AC9: 0 | AD9: =$AD$5 -> 0.25 | AE9: 0 | AF9: =+AD9+($D$15/100) -> 0.25 | AG9: 0 | AH9: =+AF9+($D$15/100) -> 0.25 | AI9: 0 | AJ9: =+AH9+($D$15/100) -> 0.25 | AK9: 0 | AL9: =+AJ9+($D$15/100) -> 0.25 | AM9: 0 | AN9: =+AL9+($D$15/100) -> 0.25
B10: Nombre Contratista: | D10: =IF(SUM(J20:X20)=0,0,AVERAGE(J20:X20)) -> 0 | E10: =IF(D10=0,"",100/D10/$D$15*100*10000) | F10: =IF(D10=0,"",STDEV(J20:X20)) | G10: =IF(F10="","",F10/D10) | H10: Sector 3 | I10: Surco 1 | AC10: 0 | AD10: =$AD$5 -> 0.25 | AE10: 0 | AF10: =+AD10+($D$15/100) -> 0.25 | AG10: 0 | AH10: =+AF10+($D$15/100) -> 0.25 | AI10: 0 | AJ10: =+AH10+($D$15/100) -> 0.25 | AK10: 0 | AL10: =+AJ10+($D$15/100) -> 0.25 | AM10: 0 | AN10: =+AL10+($D$15/100) -> 0.25
D11: =IF(SUM(J21:X21)=0,0,AVERAGE(J21:X21)) -> 0 | E11: =IF(D11=0,"",100/D11/$D$15*100*10000) | F11: =IF(D11=0,"",STDEV(J21:X21)) | G11: =IF(F11="","",F11/D11) | I11: Surco 2 | AC11: 0 | AD11: =$AD$5 -> 0.25 | AE11: 0 | AF11: =+AD11+($D$15/100) -> 0.25 | AG11: 0 | AH11: =+AF11+($D$15/100) -> 0.25 | AI11: 0 | AJ11: =+AH11+($D$15/100) -> 0.25 | AK11: 0 | AL11: =+AJ11+($D$15/100) -> 0.25 | AM11: 0 | AN11: =+AL11+($D$15/100) -> 0.25
B12: Sembradora: | AC12: 0 | AD12: =$AD$5 -> 0.25 | AE12: 0 | AF12: =+AD12+($D$15/100) -> 0.25 | AG12: 0 | AH12: =+AF12+($D$15/100) -> 0.25 | AI12: 0 | AJ12: =+AH12+($D$15/100) -> 0.25 | AK12: 0 | AL12: =+AJ12+($D$15/100) -> 0.25 | AM12: 0 | AN12: =+AL12+($D$15/100) -> 0.25
AC13: 0 | AD13: =$AD$5 -> 0.25 | AE13: 0 | AF13: =+AD13+($D$15/100) -> 0.25 | AG13: 0 | AH13: =+AF13+($D$15/100) -> 0.25 | AI13: 0 | AJ13: =+AH13+($D$15/100) -> 0.25 | AK13: 0 | AL13: =+AJ13+($D$15/100) -> 0.25 | AM13: 0 | AN13: =+AL13+($D$15/100) -> 0.25
D14: =IF(COUNTIF(D6:D13,">0"),SUM(D6:D13)/COUNTIF(D6:D13,">0"),"") | J14: Distancia entre plantas | AC14: 0 | AD14: =$AD$5 -> 0.25 | AE14: 0 | AF14: =+AD14+($D$15/100) -> 0.25 | AG14: 0 | AH14: =+AF14+($D$15/100) -> 0.25 | AI14: 0 | AJ14: =+AH14+($D$15/100) -> 0.25 | AK14: 0 | AL14: =+AJ14+($D$15/100) -> 0.25 | AM14: 0 | AN14: =+AL14+($D$15/100) -> 0.25
B15: Distancia e/surcos (cm) | E15: cm | F15: % Logro | J15: 1-2 | K15: 2-3 | L15: 3-4 | M15: 4-5 | N15: 5-6 | O15: 6-7 | P15: 7-8 | Q15: 8-9 | R15: 9-10 | S15: 10-11 | T15: 11-12 | U15: 12-13 | V15: 13-14 | W15: 14-15 | X15: 15-16 | AC15: 0 | AD15: =$AD$5 -> 0.25 | AE15: 0 | AF15: =+AD15+($D$15/100) -> 0.25 | AG15: 0 | AH15: =+AF15+($D$15/100) -> 0.25 | AI15: 0 | AJ15: =+AH15+($D$15/100) -> 0.25 | AK15: 0 | AL15: =+AJ15+($D$15/100) -> 0.25 | AM15: 0 | AN15: =+AL15+($D$15/100) -> 0.25
B16: Logro promedio de plantas | D16: =IF(SUM(E6:E13)=0,0,AVERAGE(E6:E13)) -> 0 | E16: ptas./ha | F16: =+IF(B7="","",D16/B7*100) | J16: =J6 -> 0 | K16: =K6-J6 -> 0 | L16: =L6-K6 -> 0 | M16: =M6-L6 -> 0 | N16: =N6-M6 -> 0 | O16: =O6-N6 -> 0 | P16: =P6-O6 -> 0 | Q16: =Q6-P6 -> 0 | R16: =R6-Q6 -> 0 | ... X16: =X6-W6 -> 0 | AC16: 0 | AD16: =$AD$5 -> 0.25 | AE16: 0 | AF16: =+AD16+($D$15/100) -> 0.25 | AG16: 0 | AH16: =+AF16+($D$15/100) -> 0.25 | AI16: 0 | AJ16: =+AH16+($D$15/100) -> 0.25 | AK16: 0 | AL16: =+AJ16+($D$15/100) -> 0.25 | AM16: 0 | AN16: =+AL16+($D$15/100) -> 0.25
B17: Desvío uniformidad planteo | D17: =IF(SUM(F6:F13)=0,0,AVERAGE(F6:F13)) -> 0 | E17: cm | J17: =J7 -> 0 | K17: =K7-J7 -> 0 | L17: =L7-K7 -> 0 | M17: =M7-L7 -> 0 | N17: =N7-M7 -> 0 | O17: =O7-N7 -> 0 | P17: =P7-O7 -> 0 | Q17: =Q7-P7 -> 0 | R17: =R7-Q7 -> 0 | ... X17: =X7-W7 -> 0 | AC17: 0 | AD17: =$AD$5 -> 0.25 | AE17: 0 | AF17: =+AD17+($D$15/100) -> 0.25 | AG17: 0 | AH17: =+AF17+($D$15/100) -> 0.25 | AI17: 0 | AJ17: =+AH17+($D$15/100) -> 0.25 | AK17: 0 | AL17: =+AJ17+($D$15/100) -> 0.25 | AM17: 0 | AN17: =+AL17+($D$15/100) -> 0.25
B18: COEFICIENTE DE VARIACIÓN | D18: =IF(SUM(G6:G13)=0,0,AVERAGE(G6:G13)) -> 0 | J18: =J8 -> 0 | K18: =K8-J8 -> 0 | L18: =L8-K8 -> 0 | M18: =M8-L8 -> 0 | N18: =N8-M8 -> 0 | O18: =O8-N8 -> 0 | P18: =P8-O8 -> 0 | Q18: =Q8-P8 -> 0 | R18: =R8-Q8 -> 0 | ... X18: =X8-W8 -> 0
J19: =J9 -> 0 | K19: =K9-J9 -> 0 | L19: =L9-K9 -> 0 | M19: =M9-L9 -> 0 | N19: =N9-M9 -> 0 | O19: =O9-N9 -> 0 | P19: =P9-O9 -> 0 | Q19: =Q9-P9 -> 0 | R19: =R9-Q9 -> 0 | ... X19: =X9-W9 -> 0 | AC19: DISTANCIAMIENTO ENTRE PLANTAS IDEAL-DATOS ORIGEN GRAFICO
B20: Distribución espacial | J20: =J10 -> 0 | K20: =K10-J10 -> 0 | L20: =L10-K10 -> 0 | M20: =M10-L10 -> 0 | N20: =N10-M10 -> 0 | O20: =O10-N10 -> 0 | P20: =P10-O10 -> 0 | Q20: =Q10-P10 -> 0 | R20: =R10-Q10 -> 0 | ... X20: =X10-W10 -> 0 | AC20: =100/(AI23/(100*(100/($D$15/100)))) -> #DIV/0! | AD20: =+$AC$20*J5 -> #DIV/0! | AE20: =+$AC$20*K5 -> #DIV/0! | AF20: =+$AC$20*L5 -> #DIV/0! | AG20: =+$AC$20*M5 -> #DIV/0! | AH20: =+$AC$20*N5 -> #DIV/0! | AI20: =+$AC$20*O5 -> #DIV/0! | AJ20: =+$AC$20*P5 -> #DIV/0! | AK20: =+$AC$20*Q5 -> #DIV/0! | ... AQ20: =+$AC$20*W5 -> #DIV/0!
J21: =J11 -> 0 | K21: =K11-J11 -> 0 | L21: =L11-K11 -> 0 | M21: =M11-L11 -> 0 | N21: =N11-M11 -> 0 | O21: =O11-N11 -> 0 | P21: =P11-O11 -> 0 | Q21: =Q11-P11 -> 0 | R21: =R11-Q11 -> 0 | ... X21: =X11-W11 -> 0 | AC21: =+$AN$5+($D$15/100) -> 0.25 | AD21: =+$AN$5+($D$15/100) -> 0.25 | AE21: =+$AN$5+($D$15/100) -> 0.25 | AF21: =+$AN$5+($D$15/100) -> 0.25 | AG21: =+$AN$5+($D$15/100) -> 0.25 | AH21: =+$AN$5+($D$15/100) -> 0.25 | AI21: =+$AN$5+($D$15/100) -> 0.25 | AJ21: =+$AN$5+($D$15/100) -> 0.25 | ... AQ21: =+$AN$5+($D$15/100) -> 0.25
AC23: PL/HA-DATO ORIGEN GRAFICO= | AI23: =IF(B7="",D16,B7) -> 0
AC26: Densidad de siembra | AH26: =B7 -> 0
AC27: Distancia entre surcos | AH27: =D15/100 -> 0
AC28: Distancia eq 10 m2 (m) | AH28: =IF(AH27="","",10/AH27) -> #DIV/0!
J29: Observaciones: | AC29: Semillas/m lineal | AH29: =IF(AH27="","",1*(AH26/1000)/AH28) -> #DIV/0!
AC30: Distancia e/semillas(cm) | AH30: =IF(AH29="","",1/AH29*100) -> #DIV/0!
AC32: Doble (cm) | AH32: =IF(AH30="","",3) -> #DIV/0!
AC33: Fallo (cm) | AH33: =IF(AH27="","",2*AH30) -> #DIV/0!
AC34: Aceptable

Sheet L8
B1: RECUENTOS POR LOTE - MAIZ | AC1: Distanciamiento entre plantas- DATOS DE ORIGEN GRAFICO
B2: Establecimiento: | F2: Fecha: | K2: Estado Fenológico:
AC3: Sector 1 | AG3: Sector 2 | AK3: Sector 3
B4: Potrero: | D4: Dist.med. | E4: Plantas | F4: Desvío | G4: C.V. | H4: Distancias acumuladas entre plantas | AC4: S 1 | AE4: S 2 | AG4: S 1 | AI4: S 2 | AK4: S 1 | AM4: S 2
B5: Sitio: | D5: cm | E5: por ha | F5: plant.cm | J5: 2 | K5: 3 | L5: 4 | M5: 5 | N5: 6 | O5: 7 | P5: 8 | Q5: 9 | R5: 10 | S5: 11 | T5: 12 | U5: 13 | V5: 14 | W5: 15 | X5: 16 | AC5: {=TRANSPOSE(J6:X6)} -> 0 | AD5: 0.25 | AE5: {=TRANSPOSE(J7:X7)} -> 0 | AF5: =+AD5+($D$15/100) -> 0.25 | AG5: {=TRANSPOSE(J8:X8)} -> 0 | AH5: =+AF5+($D$15/100) -> 0.25 | AI5: {=TRANSPOSE(J9:X9)} -> 0 | AJ5: =+AH5+($D$15/100) -> 0.25 | AK5: {=TRANSPOSE(J10:X10)} -> 0 | AL5: =+AJ5+($D$15/100) -> 0.25 | AM5: {=TRANSPOSE(J11:X11)} -> 0 | AN5: =+AL5+($D$15/100) -> 0.25
B6: Densidad de Siembra: | D6: =IF(SUM(J16:X16)=0,0,AVERAGE(J16:X16)) -> 0 | E6: =IF(D6=0,"",100/D6/$D$15*100*10000) | F6: =IF(D6=0,"",STDEV(J16:X16)) | G6: =IF(F6="","",F6/D6) | H6: Sector 1 | I6: Surco 1 | AC6: 0 | AD6: =$AD$5 -> 0.25 | AE6: 0 | AF6: =+AD6+($D$15/100) -> 0.25 | AG6: 0 | AH6: =+AF6+($D$15/100) -> 0.25 | AI6: 0 | AJ6: =+AH6+($D$15/100) -> 0.25 | AK6: 0 | AL6: =+AJ6+($D$15/100) -> 0.25 | AM6: 0 | AN6: =+AL6+($D$15/100) -> 0.25
C7: sem/ha | D7: =IF(SUM(J17:X17)=0,0,AVERAGE(J17:X17)) -> 0 | E7: =IF(D7=0,"",100/D7/$D$15*100*10000) | F7: =IF(D7=0,"",STDEV(J17:X17)) | G7: =IF(F7="","",F7/D7) | I7: Surco 2 | AC7: 0 | AD7: =$AD$5 -> 0.25 | AE7: 0 | AF7: =+AD7+($D$15/100) -> 0.25 | AG7: 0 | AH7: =+AF7+($D$15/100) -> 0.25 | AI7: 0 | AJ7: =+AH7+($D$15/100) -> 0.25 | AK7: 0 | AL7: =+AJ7+($D$15/100) -> 0.25 | AM7: 0 | AN7: =+AL7+($D$15/100) -> 0.25
B8: Antecesor: | D8: =IF(SUM(J18:X18)=0,0,AVERAGE(J18:X18)) -> 0 | E8: =IF(D8=0,"",100/D8/$D$15*100*10000) | F8: =IF(D8=0,"",STDEV(J18:X18)) | G8: =IF(F8="","",F8/D8) | H8: Sector 2 | I8: Surco 1 | AC8: 0 | AD8: =$AD$5 -> 0.25 | AE8: 0 | AF8: =+AD8+($D$15/100) -> 0.25 | AG8: 0 | AH8: =+AF8+($D$15/100) -> 0.25 | AI8: 0 | AJ8: =+AH8+($D$15/100) -> 0.25 | AK8: 0 | AL8: =+AJ8+($D$15/100) -> 0.25 | AM8: 0 | AN8: =+AL8+($D$15/100) -> 0.25
D9: =IF(SUM(J19:X19)=0,0,AVERAGE(J19:X19)) -> 0 | E9: =IF(D9=0,"",100/D9/$D$15*100*10000) | F9: =IF(D9=0,"",STDEV(J19:X19)) | G9: =IF(F9="","",F9/D9) | I9: Surco 2 | AC9: 0 | AD9: =$AD$5 -> 0.25 | AE9: 0 | AF9: =+AD9+($D$15/100) -> 0.25 | AG9: 0 | AH9: =+AF9+($D$15/100) -> 0.25 | AI9: 0 | AJ9: =+AH9+($D$15/100) -> 0.25 | AK9: 0 | AL9: =+AJ9+($D$15/100) -> 0.25 | AM9: 0 | AN9: =+AL9+($D$15/100) -> 0.25
B10: Nombre Contratista: | D10: =IF(SUM(J20:X20)=0,0,AVERAGE(J20:X20)) -> 0 | E10: =IF(D10=0,"",100/D10/$D$15*100*10000) | F10: =IF(D10=0,"",STDEV(J20:X20)) | G10: =IF(F10="","",F10/D10) | H10: Sector 3 | I10: Surco 1 | AC10: 0 | AD10: =$AD$5 -> 0.25 | AE10: 0 | AF10: =+AD10+($D$15/100) -> 0.25 | AG10: 0 | AH10: =+AF10+($D$15/100) -> 0.25 | AI10: 0 | AJ10: =+AH10+($D$15/100) -> 0.25 | AK10: 0 | AL10: =+AJ10+($D$15/100) -> 0.25 | AM10: 0 | AN10: =+AL10+($D$15/100) -> 0.25
D11: =IF(SUM(J21:X21)=0,0,AVERAGE(J21:X21)) -> 0 | E11: =IF(D11=0,"",100/D11/$D$15*100*10000) | F11: =IF(D11=0,"",STDEV(J21:X21)) | G11: =IF(F11="","",F11/D11) | I11: Surco 2 | AC11: 0 | AD11: =$AD$5 -> 0.25 | AE11: 0 | AF11: =+AD11+($D$15/100) -> 0.25 | AG11: 0 | AH11: =+AF11+($D$15/100) -> 0.25 | AI11: 0 | AJ11: =+AH11+($D$15/100) -> 0.25 | AK11: 0 | AL11: =+AJ11+($D$15/100) -> 0.25 | AM11: 0 | AN11: =+AL11+($D$15/100) -> 0.25
B12: Sembradora: | AC12: 0 | AD12: =$AD$5 -> 0.25 | AE12: 0 | AF12: =+AD12+($D$15/100) -> 0.25 | AG12: 0 | AH12: =+AF12+($D$15/100) -> 0.25 | AI12: 0 | AJ12: =+AH12+($D$15/100) -> 0.25 | AK12: 0 | AL12: =+AJ12+($D$15/100) -> 0.25 | AM12: 0 | AN12: =+AL12+($D$15/100) -> 0.25
AC13: 0 | AD13: =$AD$5 -> 0.25 | AE13: 0 | AF13: =+AD13+($D$15/100) -> 0.25 | AG13: 0 | AH13: =+AF13+($D$15/100) -> 0.25 | AI13: 0 | AJ13: =+AH13+($D$15/100) -> 0.25 | AK13: 0 | AL13: =+AJ13+($D$15/100) -> 0.25 | AM13: 0 | AN13: =+AL13+($D$15/100) -> 0.25
D14: =IF(COUNTIF(D6:D13,">0"),SUM(D6:D13)/COUNTIF(D6:D13,">0"),"") | J14: Distancia entre plantas | AC14: 0 | AD14: =$AD$5 -> 0.25 | AE14: 0 | AF14: =+AD14+($D$15/100) -> 0.25 | AG14: 0 | AH14: =+AF14+($D$15/100) -> 0.25 | AI14: 0 | AJ14: =+AH14+($D$15/100) -> 0.25 | AK14: 0 | AL14: =+AJ14+($D$15/100) -> 0.25 | AM14: 0 | AN14: =+AL14+($D$15/100) -> 0.25
B15: Distancia e/surcos (cm) | E15: cm | F15: % Logro | J15: 1-2 | K15: 2-3 | L15: 3-4 | M15: 4-5 | N15: 5-6 | O15: 6-7 | P15: 7-8 | Q15: 8-9 | R15: 9-10 | S15: 10-11 | T15: 11-12 | U15: 12-13 | V15: 13-14 | W15: 14-15 | X15: 15-16 | AC15: 0 | AD15: =$AD$5 -> 0.25 | AE15: 0 | AF15: =+AD15+($D$15/100) -> 0.25 | AG15: 0 | AH15: =+AF15+($D$15/100) -> 0.25 | AI15: 0 | AJ15: =+AH15+($D$15/100) -> 0.25 | AK15: 0 | AL15: =+AJ15+($D$15/100) -> 0.25 | AM15: 0 | AN15: =+AL15+($D$15/100) -> 0.25
B16: Logro promedio de plantas | D16: =IF(SUM(E6:E13)=0,0,AVERAGE(E6:E13)) -> 0 | E16: ptas./ha | F16: =+IF(B7="","",D16/B7*100) | J16: =J6 -> 0 | K16: =K6-J6 -> 0 | L16: =L6-K6 -> 0 | M16: =M6-L6 -> 0 | N16: =N6-M6 -> 0 | O16: =O6-N6 -> 0 | P16: =P6-O6 -> 0 | Q16: =Q6-P6 -> 0 | R16: =R6-Q6 -> 0 | ... X16: =X6-W6 -> 0 | AC16: 0 | AD16: =$AD$5 -> 0.25 | AE16: 0 | AF16: =+AD16+($D$15/100) -> 0.25 | AG16: 0 | AH16: =+AF16+($D$15/100) -> 0.25 | AI16: 0 | AJ16: =+AH16+($D$15/100) -> 0.25 | AK16: 0 | AL16: =+AJ16+($D$15/100) -> 0.25 | AM16: 0 | AN16: =+AL16+($D$15/100) -> 0.25
B17: Desvío uniformidad planteo | D17: =IF(SUM(F6:F13)=0,0,AVERAGE(F6:F13)) -> 0 | E17: cm | J17: =J7 -> 0 | K17: =K7-J7 -> 0 | L17: =L7-K7 -> 0 | M17: =M7-L7 -> 0 | N17: =N7-M7 -> 0 | O17: =O7-N7 -> 0 | P17: =P7-O7 -> 0 | Q17: =Q7-P7 -> 0 | R17: =R7-Q7 -> 0 | ... X17: =X7-W7 -> 0 | AC17: 0 | AD17: =$AD$5 -> 0.25 | AE17: 0 | AF17: =+AD17+($D$15/100) -> 0.25 | AG17: 0 | AH17: =+AF17+($D$15/100) -> 0.25 | AI17: 0 | AJ17: =+AH17+($D$15/100) -> 0.25 | AK17: 0 | AL17: =+AJ17+($D$15/100) -> 0.25 | AM17: 0 | AN17: =+AL17+($D$15/100) -> 0.25
B18: COEFICIENTE DE VARIACIÓN | D18: =IF(SUM(G6:G13)=0,0,AVERAGE(G6:G13)) -> 0 | J18: =J8 -> 0 | K18: =K8-J8 -> 0 | L18: =L8-K8 -> 0 | M18: =M8-L8 -> 0 | N18: =N8-M8 -> 0 | O18: =O8-N8 -> 0 | P18: =P8-O8 -> 0 | Q18: =Q8-P8 -> 0 | R18: =R8-Q8 -> 0 | ... X18: =X8-W8 -> 0
J19: =J9 -> 0 | K19: =K9-J9 -> 0 | L19: =L9-K9 -> 0 | M19: =M9-L9 -> 0 | N19: =N9-M9 -> 0 | O19: =O9-N9 -> 0 | P19: =P9-O9 -> 0 | Q19: =Q9-P9 -> 0 | R19: =R9-Q9 -> 0 | ... X19: =X9-W9 -> 0 | AC19: DISTANCIAMIENTO ENTRE PLANTAS IDEAL-DATOS ORIGEN GRAFICO
B20: Distribución espacial | J20: =J10 -> 0 | K20: =K10-J10 -> 0 | L20: =L10-K10 -> 0 | M20: =M10-L10 -> 0 | N20: =N10-M10 -> 0 | O20: =O10-N10 -> 0 | P20: =P10-O10 -> 0 | Q20: =Q10-P10 -> 0 | R20: =R10-Q10 -> 0 | ... X20: =X10-W10 -> 0 | AC20: =100/(AI23/(100*(100/($D$15/100)))) -> #DIV/0! | AD20: =+$AC$20*J5 -> #DIV/0! | AE20: =+$AC$20*K5 -> #DIV/0! | AF20: =+$AC$20*L5 -> #DIV/0! | AG20: =+$AC$20*M5 -> #DIV/0! | AH20: =+$AC$20*N5 -> #DIV/0! | AI20: =+$AC$20*O5 -> #DIV/0! | AJ20: =+$AC$20*P5 -> #DIV/0! | AK20: =+$AC$20*Q5 -> #DIV/0! | ... AQ20: =+$AC$20*W5 -> #DIV/0!
J21: =J11 -> 0 | K21: =K11-J11 -> 0 | L21: =L11-K11 -> 0 | M21: =M11-L11 -> 0 | N21: =N11-M11 -> 0 | O21: =O11-N11 -> 0 | P21: =P11-O11 -> 0 | Q21: =Q11-P11 -> 0 | R21: =R11-Q11 -> 0 | ... X21: =X11-W11 -> 0 | AC21: =+$AN$5+($D$15/100) -> 0.25 | AD21: =+$AN$5+($D$15/100) -> 0.25 | AE21: =+$AN$5+($D$15/100) -> 0.25 | AF21: =+$AN$5+($D$15/100) -> 0.25 | AG21: =+$AN$5+($D$15/100) -> 0.25 | AH21: =+$AN$5+($D$15/100) -> 0.25 | AI21: =+$AN$5+($D$15/100) -> 0.25 | AJ21: =+$AN$5+($D$15/100) -> 0.25 | ... AQ21: =+$AN$5+($D$15/100) -> 0.25
AC23: PL/HA-DATO ORIGEN GRAFICO= | AI23: =IF(B7="",D16,B7) -> 0
AC26: Densidad de siembra | AH26: =B7 -> 0
AC27: Distancia entre surcos | AH27: =D15/100 -> 0
AC28: Distancia eq 10 m2 (m) | AH28: =IF(AH27="","",10/AH27) -> #DIV/0!
J29: Observaciones: | AC29: Semillas/m lineal | AH29: =IF(AH27="","",1*(AH26/1000)/AH28) -> #DIV/0!
AC30: Distancia e/semillas(cm) | AH30: =IF(AH29="","",1/AH29*100) -> #DIV/0!
AC32: Doble (cm) | AH32: =IF(AH30="","",3) -> #DIV/0!
AC33: Fallo (cm) | AH33: =IF(AH27="","",2*AH30) -> #DIV/0!
AC34: Aceptable

Sheet L9
B1: RECUENTOS POR LOTE - MAIZ | AC1: Distanciamiento entre plantas- DATOS DE ORIGEN GRAFICO
B2: Establecimiento: | F2: Fecha: | K2: Estado Fenológico:
AC3: Sector 1 | AG3: Sector 2 | AK3: Sector 3
B4: Potrero: | D4: Dist.med. | E4: Plantas | F4: Desvío | G4: C.V. | H4: Distancias acumuladas entre plantas | AC4: S 1 | AE4: S 2 | AG4: S 1 | AI4: S 2 | AK4: S 1 | AM4: S 2
B5: Sitio: | D5: cm | E5: por ha | F5: plant.cm | J5: 2 | K5: 3 | L5: 4 | M5: 5 | N5: 6 | O5: 7 | P5: 8 | Q5: 9 | R5: 10 | S5: 11 | T5: 12 | U5: 13 | V5: 14 | W5: 15 | X5: 16 | AC5: {=TRANSPOSE(J6:X6)} -> 0 | AD5: 0.25 | AE5: {=TRANSPOSE(J7:X7)} -> 0 | AF5: =+AD5+($D$15/100) -> 0.25 | AG5: {=TRANSPOSE(J8:X8)} -> 0 | AH5: =+AF5+($D$15/100) -> 0.25 | AI5: {=TRANSPOSE(J9:X9)} -> 0 | AJ5: =+AH5+($D$15/100) -> 0.25 | AK5: {=TRANSPOSE(J10:X10)} -> 0 | AL5: =+AJ5+($D$15/100) -> 0.25 | AM5: {=TRANSPOSE(J11:X11)} -> 0 | AN5: =+AL5+($D$15/100) -> 0.25
B6: Densidad de Siembra: | D6: =IF(SUM(J16:X16)=0,0,AVERAGE(J16:X16)) -> 0 | E6: =IF(D6=0,"",100/D6/$D$15*100*10000) | F6: =IF(D6=0,"",STDEV(J16:X16)) | G6: =IF(F6="","",F6/D6) | H6: Sector 1 | I6: Surco 1 | AC6: 0 | AD6: =$AD$5 -> 0.25 | AE6: 0 | AF6: =+AD6+($D$15/100) -> 0.25 | AG6: 0 | AH6: =+AF6+($D$15/100) -> 0.25 | AI6: 0 | AJ6: =+AH6+($D$15/100) -> 0.25 | AK6: 0 | AL6: =+AJ6+($D$15/100) -> 0.25 | AM6: 0 | AN6: =+AL6+($D$15/100) -> 0.25
C7: sem/ha | D7: =IF(SUM(J17:X17)=0,0,AVERAGE(J17:X17)) -> 0 | E7: =IF(D7=0,"",100/D7/$D$15*100*10000) | F7: =IF(D7=0,"",STDEV(J17:X17)) | G7: =IF(F7="","",F7/D7) | I7: Surco 2 | AC7: 0 | AD7: =$AD$5 -> 0.25 | AE7: 0 | AF7: =+AD7+($D$15/100) -> 0.25 | AG7: 0 | AH7: =+AF7+($D$15/100) -> 0.25 | AI7: 0 | AJ7: =+AH7+($D$15/100) -> 0.25 | AK7: 0 | AL7: =+AJ7+($D$15/100) -> 0.25 | AM7: 0 | AN7: =+AL7+($D$15/100) -> 0.25
B8: Antecesor: | D8: =IF(SUM(J18:X18)=0,0,AVERAGE(J18:X18)) -> 0 | E8: =IF(D8=0,"",100/D8/$D$15*100*10000) | F8: =IF(D8=0,"",STDEV(J18:X18)) | G8: =IF(F8="","",F8/D8) | H8: Sector 2 | I8: Surco 1 | AC8: 0 | AD8: =$AD$5 -> 0.25 | AE8: 0 | AF8: =+AD8+($D$15/100) -> 0.25 | AG8: 0 | AH8: =+AF8+($D$15/100) -> 0.25 | AI8: 0 | AJ8: =+AH8+($D$15/100) -> 0.25 | AK8: 0 | AL8: =+AJ8+($D$15/100) -> 0.25 | AM8: 0 | AN8: =+AL8+($D$15/100) -> 0.25
D9: =IF(SUM(J19:X19)=0,0,AVERAGE(J19:X19)) -> 0 | E9: =IF(D9=0,"",100/D9/$D$15*100*10000) | F9: =IF(D9=0,"",STDEV(J19:X19)) | G9: =IF(F9="","",F9/D9) | I9: Surco 2 | AC9: 0 | AD9: =$AD$5 -> 0.25 | AE9: 0 | AF9: =+AD9+($D$15/100) -> 0.25 | AG9: 0 | AH9: =+AF9+($D$15/100) -> 0.25 | AI9: 0 | AJ9: =+AH9+($D$15/100) -> 0.25 | AK9: 0 | AL9: =+AJ9+($D$15/100) -> 0.25 | AM9: 0 | AN9: =+AL9+($D$15/100) -> 0.25
B10: Nombre Contratista: | D10: =IF(SUM(J20:X20)=0,0,AVERAGE(J20:X20)) -> 0 | E10: =IF(D10=0,"",100/D10/$D$15*100*10000) | F10: =IF(D10=0,"",STDEV(J20:X20)) | G10: =IF(F10="","",F10/D10) | H10: Sector 3 | I10: Surco 1 | AC10: 0 | AD10: =$AD$5 -> 0.25 | AE10: 0 | AF10: =+AD10+($D$15/100) -> 0.25 | AG10: 0 | AH10: =+AF10+($D$15/100) -> 0.25 | AI10: 0 | AJ10: =+AH10+($D$15/100) -> 0.25 | AK10: 0 | AL10: =+AJ10+($D$15/100) -> 0.25 | AM10: 0 | AN10: =+AL10+($D$15/100) -> 0.25
D11: =IF(SUM(J21:X21)=0,0,AVERAGE(J21:X21)) -> 0 | E11: =IF(D11=0,"",100/D11/$D$15*100*10000) | F11: =IF(D11=0,"",STDEV(J21:X21)) | G11: =IF(F11="","",F11/D11) | I11: Surco 2 | AC11: 0 | AD11: =$AD$5 -> 0.25 | AE11: 0 | AF11: =+AD11+($D$15/100) -> 0.25 | AG11: 0 | AH11: =+AF11+($D$15/100) -> 0.25 | AI11: 0 | AJ11: =+AH11+($D$15/100) -> 0.25 | AK11: 0 | AL11: =+AJ11+($D$15/100) -> 0.25 | AM11: 0 | AN11: =+AL11+($D$15/100) -> 0.25
B12: Sembradora: | AC12: 0 | AD12: =$AD$5 -> 0.25 | AE12: 0 | AF12: =+AD12+($D$15/100) -> 0.25 | AG12: 0 | AH12: =+AF12+($D$15/100) -> 0.25 | AI12: 0 | AJ12: =+AH12+($D$15/100) -> 0.25 | AK12: 0 | AL12: =+AJ12+($D$15/100) -> 0.25 | AM12: 0 | AN12: =+AL12+($D$15/100) -> 0.25
AC13: 0 | AD13: =$AD$5 -> 0.25 | AE13: 0 | AF13: =+AD13+($D$15/100) -> 0.25 | AG13: 0 | AH13: =+AF13+($D$15/100) -> 0.25 | AI13: 0 | AJ13: =+AH13+($D$15/100) -> 0.25 | AK13: 0 | AL13: =+AJ13+($D$15/100) -> 0.25 | AM13: 0 | AN13: =+AL13+($D$15/100) -> 0.25
D14: =IF(COUNTIF(D6:D13,">0"),SUM(D6:D13)/COUNTIF(D6:D13,">0"),"") | J14: Distancia entre plantas | AC14: 0 | AD14: =$AD$5 -> 0.25 | AE14: 0 | AF14: =+AD14+($D$15/100) -> 0.25 | AG14: 0 | AH14: =+AF14+($D$15/100) -> 0.25 | AI14: 0 | AJ14: =+AH14+($D$15/100) -> 0.25 | AK14: 0 | AL14: =+AJ14+($D$15/100) -> 0.25 | AM14: 0 | AN14: =+AL14+($D$15/100) -> 0.25
B15: Distancia e/surcos (cm) | E15: cm | F15: % Logro | J15: 1-2 | K15: 2-3 | L15: 3-4 | M15: 4-5 | N15: 5-6 | O15: 6-7 | P15: 7-8 | Q15: 8-9 | R15: 9-10 | S15: 10-11 | T15: 11-12 | U15: 12-13 | V15: 13-14 | W15: 14-15 | X15: 15-16 | AC15: 0 | AD15: =$AD$5 -> 0.25 | AE15: 0 | AF15: =+AD15+($D$15/100) -> 0.25 | AG15: 0 | AH15: =+AF15+($D$15/100) -> 0.25 | AI15: 0 | AJ15: =+AH15+($D$15/100) -> 0.25 | AK15: 0 | AL15: =+AJ15+($D$15/100) -> 0.25 | AM15: 0 | AN15: =+AL15+($D$15/100) -> 0.25
B16: Logro promedio de plantas | D16: =IF(SUM(E6:E13)=0,0,AVERAGE(E6:E13)) -> 0 | E16: ptas./ha | F16: =+IF(B7="","",D16/B7*100) | J16: =J6 -> 0 | K16: =K6-J6 -> 0 | L16: =L6-K6 -> 0 | M16: =M6-L6 -> 0 | N16: =N6-M6 -> 0 | O16: =O6-N6 -> 0 | P16: =P6-O6 -> 0 | Q16: =Q6-P6 -> 0 | R16: =R6-Q6 -> 0 | ... X16: =X6-W6 -> 0 | AC16: 0 | AD16: =$AD$5 -> 0.25 | AE16: 0 | AF16: =+AD16+($D$15/100) -> 0.25 | AG16: 0 | AH16: =+AF16+($D$15/100) -> 0.25 | AI16: 0 | AJ16: =+AH16+($D$15/100) -> 0.25 | AK16: 0 | AL16: =+AJ16+($D$15/100) -> 0.25 | AM16: 0 | AN16: =+AL16+($D$15/100) -> 0.25
B17: Desvío uniformidad planteo | D17: =IF(SUM(F6:F13)=0,0,AVERAGE(F6:F13)) -> 0 | E17: cm | J17: =J7 -> 0 | K17: =K7-J7 -> 0 | L17: =L7-K7 -> 0 | M17: =M7-L7 -> 0 | N17: =N7-M7 -> 0 | O17: =O7-N7 -> 0 | P17: =P7-O7 -> 0 | Q17: =Q7-P7 -> 0 | R17: =R7-Q7 -> 0 | ... X17: =X7-W7 -> 0 | AC17: 0 | AD17: =$AD$5 -> 0.25 | AE17: 0 | AF17: =+AD17+($D$15/100) -> 0.25 | AG17: 0 | AH17: =+AF17+($D$15/100) -> 0.25 | AI17: 0 | AJ17: =+AH17+($D$15/100) -> 0.25 | AK17: 0 | AL17: =+AJ17+($D$15/100) -> 0.25 | AM17: 0 | AN17: =+AL17+($D$15/100) -> 0.25
B18: COEFICIENTE DE VARIACIÓN | D18: =IF(SUM(G6:G13)=0,0,AVERAGE(G6:G13)) -> 0 | J18: =J8 -> 0 | K18: =K8-J8 -> 0 | L18: =L8-K8 -> 0 | M18: =M8-L8 -> 0 | N18: =N8-M8 -> 0 | O18: =O8-N8 -> 0 | P18: =P8-O8 -> 0 | Q18: =Q8-P8 -> 0 | R18: =R8-Q8 -> 0 | ... X18: =X8-W8 -> 0
J19: =J9 -> 0 | K19: =K9-J9 -> 0 | L19: =L9-K9 -> 0 | M19: =M9-L9 -> 0 | N19: =N9-M9 -> 0 | O19: =O9-N9 -> 0 | P19: =P9-O9 -> 0 | Q19: =Q9-P9 -> 0 | R19: =R9-Q9 -> 0 | ... X19: =X9-W9 -> 0 | AC19: DISTANCIAMIENTO ENTRE PLANTAS IDEAL-DATOS ORIGEN GRAFICO
B20: Distribución espacial | J20: =J10 -> 0 | K20: =K10-J10 -> 0 | L20: =L10-K10 -> 0 | M20: =M10-L10 -> 0 | N20: =N10-M10 -> 0 | O20: =O10-N10 -> 0 | P20: =P10-O10 -> 0 | Q20: =Q10-P10 -> 0 | R20: =R10-Q10 -> 0 | ... X20: =X10-W10 -> 0 | AC20: =100/(AI23/(100*(100/($D$15/100)))) -> #DIV/0! | AD20: =+$AC$20*J5 -> #DIV/0! | AE20: =+$AC$20*K5 -> #DIV/0! | AF20: =+$AC$20*L5 -> #DIV/0! | AG20: =+$AC$20*M5 -> #DIV/0! | AH20: =+$AC$20*N5 -> #DIV/0! | AI20: =+$AC$20*O5 -> #DIV/0! | AJ20: =+$AC$20*P5 -> #DIV/0! | AK20: =+$AC$20*Q5 -> #DIV/0! | ... AQ20: =+$AC$20*W5 -> #DIV/0!
J21: =J11 -> 0 | K21: =K11-J11 -> 0 | L21: =L11-K11 -> 0 | M21: =M11-L11 -> 0 | N21: =N11-M11 -> 0 | O21: =O11-N11 -> 0 | P21: =P11-O11 -> 0 | Q21: =Q11-P11 -> 0 | R21: =R11-Q11 -> 0 | ... X21: =X11-W11 -> 0 | AC21: =+$AN$5+($D$15/100) -> 0.25 | AD21: =+$AN$5+($D$15/100) -> 0.25 | AE21: =+$AN$5+($D$15/100) -> 0.25 | AF21: =+$AN$5+($D$15/100) -> 0.25 | AG21: =+$AN$5+($D$15/100) -> 0.25 | AH21: =+$AN$5+($D$15/100) -> 0.25 | AI21: =+$AN$5+($D$15/100) -> 0.25 | AJ21: =+$AN$5+($D$15/100) -> 0.25 | ... AQ21: =+$AN$5+($D$15/100) -> 0.25
AC23: PL/HA-DATO ORIGEN GRAFICO= | AI23: =IF(B7="",D16,B7) -> 0
AC26: Densidad de siembra | AH26: =B7 -> 0
AC27: Distancia entre surcos | AH27: =D15/100 -> 0
AC28: Distancia eq 10 m2 (m) | AH28: =IF(AH27="","",10/AH27) -> #DIV/0!
J29: Observaciones: | AC29: Semillas/m lineal | AH29: =IF(AH27="","",1*(AH26/1000)/AH28) -> #DIV/0!
AC30: Distancia e/semillas(cm) | AH30: =IF(AH29="","",1/AH29*100) -> #DIV/0!
AC32: Doble (cm) | AH32: =IF(AH30="","",3) -> #DIV/0!
AC33: Fallo (cm) | AH33: =IF(AH27="","",2*AH30) -> #DIV/0!
AC34: Aceptable

Sheet L10
B1: RECUENTOS POR LOTE - MAIZ | AC1: Distanciamiento entre plantas- DATOS DE ORIGEN GRAFICO
B2: Establecimiento: | F2: Fecha: | K2: Estado Fenológico:
AC3: Sector 1 | AG3: Sector 2 | AK3: Sector 3
B4: Potrero: | D4: Dist.med. | E4: Plantas | F4: Desvío | G4: C.V. | H4: Distancias acumuladas entre plantas | AC4: S 1 | AE4: S 2 | AG4: S 1 | AI4: S 2 | AK4: S 1 | AM4: S 2
B5: Sitio: | D5: cm | E5: por ha | F5: plant.cm | J5: 2 | K5: 3 | L5: 4 | M5: 5 | N5: 6 | O5: 7 | P5: 8 | Q5: 9 | R5: 10 | S5: 11 | T5: 12 | U5: 13 | V5: 14 | W5: 15 | X5: 16 | AC5: {=TRANSPOSE(J6:X6)} -> 0 | AD5: 0.25 | AE5: {=TRANSPOSE(J7:X7)} -> 0 | AF5: =+AD5+($D$15/100) -> 0.25 | AG5: {=TRANSPOSE(J8:X8)} -> 0 | AH5: =+AF5+($D$15/100) -> 0.25 | AI5: {=TRANSPOSE(J9:X9)} -> 0 | AJ5: =+AH5+($D$15/100) -> 0.25 | AK5: {=TRANSPOSE(J10:X10)} -> 0 | AL5: =+AJ5+($D$15/100) -> 0.25 | AM5: {=TRANSPOSE(J11:X11)} -> 0 | AN5: =+AL5+($D$15/100) -> 0.25
B6: Densidad de Siembra: | D6: =IF(SUM(J16:X16)=0,0,AVERAGE(J16:X16)) -> 0 | E6: =IF(D6=0,"",100/D6/$D$15*100*10000) | F6: =IF(D6=0,"",STDEV(J16:X16)) | G6: =IF(F6="","",F6/D6) | H6: Sector 1 | I6: Surco 1 | AC6: 0 | AD6: =$AD$5 -> 0.25 | AE6: 0 | AF6: =+AD6+($D$15/100) -> 0.25 | AG6: 0 | AH6: =+AF6+($D$15/100) -> 0.25 | AI6: 0 | AJ6: =+AH6+($D$15/100) -> 0.25 | AK6: 0 | AL6: =+AJ6+($D$15/100) -> 0.25 | AM6: 0 | AN6: =+AL6+($D$15/100) -> 0.25
C7: sem/ha | D7: =IF(SUM(J17:X17)=0,0,AVERAGE(J17:X17)) -> 0 | E7: =IF(D7=0,"",100/D7/$D$15*100*10000) | F7: =IF(D7=0,"",STDEV(J17:X17)) | G7: =IF(F7="","",F7/D7) | I7: Surco 2 | AC7: 0 | AD7: =$AD$5 -> 0.25 | AE7: 0 | AF7: =+AD7+($D$15/100) -> 0.25 | AG7: 0 | AH7: =+AF7+($D$15/100) -> 0.25 | AI7: 0 | AJ7: =+AH7+($D$15/100) -> 0.25 | AK7: 0 | AL7: =+AJ7+($D$15/100) -> 0.25 | AM7: 0 | AN7: =+AL7+($D$15/100) -> 0.25
B8: Antecesor: | D8: =IF(SUM(J18:X18)=0,0,AVERAGE(J18:X18)) -> 0 | E8: =IF(D8=0,"",100/D8/$D$15*100*10000) | F8: =IF(D8=0,"",STDEV(J18:X18)) | G8: =IF(F8="","",F8/D8) | H8: Sector 2 | I8: Surco 1 | AC8: 0 | AD8: =$AD$5 -> 0.25 | AE8: 0 | AF8: =+AD8+($D$15/100) -> 0.25 | AG8: 0 | AH8: =+AF8+($D$15/100) -> 0.25 | AI8: 0 | AJ8: =+AH8+($D$15/100) -> 0.25 | AK8: 0 | AL8: =+AJ8+($D$15/100) -> 0.25 | AM8: 0 | AN8: =+AL8+($D$15/100) -> 0.25
D9: =IF(SUM(J19:X19)=0,0,AVERAGE(J19:X19)) -> 0 | E9: =IF(D9=0,"",100/D9/$D$15*100*10000) | F9: =IF(D9=0,"",STDEV(J19:X19)) | G9: =IF(F9="","",F9/D9) | I9: Surco 2 | AC9: 0 | AD9: =$AD$5 -> 0.25 | AE9: 0 | AF9: =+AD9+($D$15/100) -> 0.25 | AG9: 0 | AH9: =+AF9+($D$15/100) -> 0.25 | AI9: 0 | AJ9: =+AH9+($D$15/100) -> 0.25 | AK9: 0 | AL9: =+AJ9+($D$15/100) -> 0.25 | AM9: 0 | AN9: =+AL9+($D$15/100) -> 0.25
B10: Nombre Contratista: | D10: =IF(SUM(J20:X20)=0,0,AVERAGE(J20:X20)) -> 0 | E10: =IF(D10=0,"",100/D10/$D$15*100*10000) | F10: =IF(D10=0,"",STDEV(J20:X20)) | G10: =IF(F10="","",F10/D10) | H10: Sector 3 | I10: Surco 1 | AC10: 0 | AD10: =$AD$5 -> 0.25 | AE10: 0 | AF10: =+AD10+($D$15/100) -> 0.25 | AG10: 0 | AH10: =+AF10+($D$15/100) -> 0.25 | AI10: 0 | AJ10: =+AH10+($D$15/100) -> 0.25 | AK10: 0 | AL10: =+AJ10+($D$15/100) -> 0.25 | AM10: 0 | AN10: =+AL10+($D$15/100) -> 0.25
D11: =IF(SUM(J21:X21)=0,0,AVERAGE(J21:X21)) -> 0 | E11: =IF(D11=0,"",100/D11/$D$15*100*10000) | F11: =IF(D11=0,"",STDEV(J21:X21)) | G11: =IF(F11="","",F11/D11) | I11: Surco 2 | AC11: 0 | AD11: =$AD$5 -> 0.25 | AE11: 0 | AF11: =+AD11+($D$15/100) -> 0.25 | AG11: 0 | AH11: =+AF11+($D$15/100) -> 0.25 | AI11: 0 | AJ11: =+AH11+($D$15/100) -> 0.25 | AK11: 0 | AL11: =+AJ11+($D$15/100) -> 0.25 | AM11: 0 | AN11: =+AL11+($D$15/100) -> 0.25
B12: Sembradora: | AC12: 0 | AD12: =$AD$5 -> 0.25 | AE12: 0 | AF12: =+AD12+($D$15/100) -> 0.25 | AG12: 0 | AH12: =+AF12+($D$15/100) -> 0.25 | AI12: 0 | AJ12: =+AH12+($D$15/100) -> 0.25 | AK12: 0 | AL12: =+AJ12+($D$15/100) -> 0.25 | AM12: 0 | AN12: =+AL12+($D$15/100) -> 0.25
AC13: 0 | AD13: =$AD$5 -> 0.25 | AE13: 0 | AF13: =+AD13+($D$15/100) -> 0.25 | AG13: 0 | AH13: =+AF13+($D$15/100) -> 0.25 | AI13: 0 | AJ13: =+AH13+($D$15/100) -> 0.25 | AK13: 0 | AL13: =+AJ13+($D$15/100) -> 0.25 | AM13: 0 | AN13: =+AL13+($D$15/100) -> 0.25
D14: =IF(COUNTIF(D6:D13,">0"),SUM(D6:D13)/COUNTIF(D6:D13,">0"),"") | J14: Distancia entre plantas | AC14: 0 | AD14: =$AD$5 -> 0.25 | AE14: 0 | AF14: =+AD14+($D$15/100) -> 0.25 | AG14: 0 | AH14: =+AF14+($D$15/100) -> 0.25 | AI14: 0 | AJ14: =+AH14+($D$15/100) -> 0.25 | AK14: 0 | AL14: =+AJ14+($D$15/100) -> 0.25 | AM14: 0 | AN14: =+AL14+($D$15/100) -> 0.25
B15: Distancia e/surcos (cm) | E15: cm | F15: % Logro | J15: 1-2 | K15: 2-3 | L15: 3-4 | M15: 4-5 | N15: 5-6 | O15: 6-7 | P15: 7-8 | Q15: 8-9 | R15: 9-10 | S15: 10-11 | T15: 11-12 | U15: 12-13 | V15: 13-14 | W15: 14-15 | X15: 15-16 | AC15: 0 | AD15: =$AD$5 -> 0.25 | AE15: 0 | AF15: =+AD15+($D$15/100) -> 0.25 | AG15: 0 | AH15: =+AF15+($D$15/100) -> 0.25 | AI15: 0 | AJ15: =+AH15+($D$15/100) -> 0.25 | AK15: 0 | AL15: =+AJ15+($D$15/100) -> 0.25 | AM15: 0 | AN15: =+AL15+($D$15/100) -> 0.25
B16: Logro promedio de plantas | D16: =IF(SUM(E6:E13)=0,0,AVERAGE(E6:E13)) -> 0 | E16: ptas./ha | F16: =+IF(B7="","",D16/B7*100) | J16: =J6 -> 0 | K16: =K6-J6 -> 0 | L16: =L6-K6 -> 0 | M16: =M6-L6 -> 0 | N16: =N6-M6 -> 0 | O16: =O6-N6 -> 0 | P16: =P6-O6 -> 0 | Q16: =Q6-P6 -> 0 | R16: =R6-Q6 -> 0 | ... X16: =X6-W6 -> 0 | AC16: 0 | AD16: =$AD$5 -> 0.25 | AE16: 0 | AF16: =+AD16+($D$15/100) -> 0.25 | AG16: 0 | AH16: =+AF16+($D$15/100) -> 0.25 | AI16: 0 | AJ16: =+AH16+($D$15/100) -> 0.25 | AK16: 0 | AL16: =+AJ16+($D$15/100) -> 0.25 | AM16: 0 | AN16: =+AL16+($D$15/100) -> 0.25
B17: Desvío uniformidad planteo | D17: =IF(SUM(F6:F13)=0,0,AVERAGE(F6:F13)) -> 0 | E17: cm | J17: =J7 -> 0 | K17: =K7-J7 -> 0 | L17: =L7-K7 -> 0 | M17: =M7-L7 -> 0 | N17: =N7-M7 -> 0 | O17: =O7-N7 -> 0 | P17: =P7-O7 -> 0 | Q17: =Q7-P7 -> 0 | R17: =R7-Q7 -> 0 | ... X17: =X7-W7 -> 0 | AC17: 0 | AD17: =$AD$5 -> 0.25 | AE17: 0 | AF17: =+AD17+($D$15/100) -> 0.25 | AG17: 0 | AH17: =+AF17+($D$15/100) -> 0.25 | AI17: 0 | AJ17: =+AH17+($D$15/100) -> 0.25 | AK17: 0 | AL17: =+AJ17+($D$15/100) -> 0.25 | AM17: 0 | AN17: =+AL17+($D$15/100) -> 0.25
B18: COEFICIENTE DE VARIACIÓN | D18: =IF(SUM(G6:G13)=0,0,AVERAGE(G6:G13)) -> 0 | J18: =J8 -> 0 | K18: =K8-J8 -> 0 | L18: =L8-K8 -> 0 | M18: =M8-L8 -> 0 | N18: =N8-M8 -> 0 | O18: =O8-N8 -> 0 | P18: =P8-O8 -> 0 | Q18: =Q8-P8 -> 0 | R18: =R8-Q8 -> 0 | ... X18: =X8-W8 -> 0
J19: =J9 -> 0 | K19: =K9-J9 -> 0 | L19: =L9-K9 -> 0 | M19: =M9-L9 -> 0 | N19: =N9-M9 -> 0 | O19: =O9-N9 -> 0 | P19: =P9-O9 -> 0 | Q19: =Q9-P9 -> 0 | R19: =R9-Q9 -> 0 | ... X19: =X9-W9 -> 0 | AC19: DISTANCIAMIENTO ENTRE PLANTAS IDEAL-DATOS ORIGEN GRAFICO
B20: Distribución espacial | J20: =J10 -> 0 | K20: =K10-J10 -> 0 | L20: =L10-K10 -> 0 | M20: =M10-L10 -> 0 | N20: =N10-M10 -> 0 | O20: =O10-N10 -> 0 | P20: =P10-O10 -> 0 | Q20: =Q10-P10 -> 0 | R20: =R10-Q10 -> 0 | ... X20: =X10-W10 -> 0 | AC20: =100/(AI23/(100*(100/($D$15/100)))) -> #DIV/0! | AD20: =+$AC$20*J5 -> #DIV/0! | AE20: =+$AC$20*K5 -> #DIV/0! | AF20: =+$AC$20*L5 -> #DIV/0! | AG20: =+$AC$20*M5 -> #DIV/0! | AH20: =+$AC$20*N5 -> #DIV/0! | AI20: =+$AC$20*O5 -> #DIV/0! | AJ20: =+$AC$20*P5 -> #DIV/0! | AK20: =+$AC$20*Q5 -> #DIV/0! | ... AQ20: =+$AC$20*W5 -> #DIV/0!
J21: =J11 -> 0 | K21: =K11-J11 -> 0 | L21: =L11-K11 -> 0 | M21: =M11-L11 -> 0 | N21: =N11-M11 -> 0 | O21: =O11-N11 -> 0 | P21: =P11-O11 -> 0 | Q21: =Q11-P11 -> 0 | R21: =R11-Q11 -> 0 | ... X21: =X11-W11 -> 0 | AC21: =+$AN$5+($D$15/100) -> 0.25 | AD21: =+$AN$5+($D$15/100) -> 0.25 | AE21: =+$AN$5+($D$15/100) -> 0.25 | AF21: =+$AN$5+($D$15/100) -> 0.25 | AG21: =+$AN$5+($D$15/100) -> 0.25 | AH21: =+$AN$5+($D$15/100) -> 0.25 | AI21: =+$AN$5+($D$15/100) -> 0.25 | AJ21: =+$AN$5+($D$15/100) -> 0.25 | ... AQ21: =+$AN$5+($D$15/100) -> 0.25
AC23: PL/HA-DATO ORIGEN GRAFICO= | AI23: =IF(B7="",D16,B7) -> 0
AC26: Densidad de siembra | AH26: =B7 -> 0
AC27: Distancia entre surcos | AH27: =D15/100 -> 0
AC28: Distancia eq 10 m2 (m) | AH28: =IF(AH27="","",10/AH27) -> #DIV/0!
J29: Observaciones: | AC29: Semillas/m lineal | AH29: =IF(AH27="","",1*(AH26/1000)/AH28) -> #DIV/0!
AC30: Distancia e/semillas(cm) | AH30: =IF(AH29="","",1/AH29*100) -> #DIV/0!
AC32: Doble (cm) | AH32: =IF(AH30="","",3) -> #DIV/0!
AC33: Fallo (cm) | AH33: =IF(AH27="","",2*AH30) -> #DIV/0!
AC34: Aceptable

Sheet L11
B1: RECUENTOS POR LOTE - MAIZ | AC1: Distanciamiento entre plantas- DATOS DE ORIGEN GRAFICO
B2: Establecimiento: | F2: Fecha: | K2: Estado Fenológico:
AC3: Sector 1 | AG3: Sector 2 | AK3: Sector 3
B4: Potrero: | D4: Dist.med. | E4: Plantas | F4: Desvío | G4: C.V. | H4: Distancias acumuladas entre plantas | AC4: S 1 | AE4: S 2 | AG4: S 1 | AI4: S 2 | AK4: S 1 | AM4: S 2
B5: Sitio: | D5: cm | E5: por ha | F5: plant.cm | J5: 2 | K5: 3 | L5: 4 | M5: 5 | N5: 6 | O5: 7 | P5: 8 | Q5: 9 | R5: 10 | S5: 11 | T5: 12 | U5: 13 | V5: 14 | W5: 15 | X5: 16 | AC5: {=TRANSPOSE(J6:X6)} -> 0 | AD5: 0.25 | AE5: {=TRANSPOSE(J7:X7)} -> 0 | AF5: =+AD5+($D$15/100) -> 0.25 | AG5: {=TRANSPOSE(J8:X8)} -> 0 | AH5: =+AF5+($D$15/100) -> 0.25 | AI5: {=TRANSPOSE(J9:X9)} -> 0 | AJ5: =+AH5+($D$15/100) -> 0.25 | AK5: {=TRANSPOSE(J10:X10)} -> 0 | AL5: =+AJ5+($D$15/100) -> 0.25 | AM5: {=TRANSPOSE(J11:X11)} -> 0 | AN5: =+AL5+($D$15/100) -> 0.25
B6: Densidad de Siembra: | D6: =IF(SUM(J16:X16)=0,0,AVERAGE(J16:X16)) -> 0 | E6: =IF(D6=0,"",100/D6/$D$15*100*10000) | F6: =IF(D6=0,"",STDEV(J16:X16)) | G6: =IF(F6="","",F6/D6) | H6: Sector 1 | I6: Surco 1 | AC6: 0 | AD6: =$AD$5 -> 0.25 | AE6: 0 | AF6: =+AD6+($D$15/100) -> 0.25 | AG6: 0 | AH6: =+AF6+($D$15/100) -> 0.25 | AI6: 0 | AJ6: =+AH6+($D$15/100) -> 0.25 | AK6: 0 | AL6: =+AJ6+($D$15/100) -> 0.25 | AM6: 0 | AN6: =+AL6+($D$15/100) -> 0.25
C7: sem/ha | D7: =IF(SUM(J17:X17)=0,0,AVERAGE(J17:X17)) -> 0 | E7: =IF(D7=0,"",100/D7/$D$15*100*10000) | F7: =IF(D7=0,"",STDEV(J17:X17)) | G7: =IF(F7="","",F7/D7) | I7: Surco 2 | AC7: 0 | AD7: =$AD$5 -> 0.25 | AE7: 0 | AF7: =+AD7+($D$15/100) -> 0.25 | AG7: 0 | AH7: =+AF7+($D$15/100) -> 0.25 | AI7: 0 | AJ7: =+AH7+($D$15/100) -> 0.25 | AK7: 0 | AL7: =+AJ7+($D$15/100) -> 0.25 | AM7: 0 | AN7: =+AL7+($D$15/100) -> 0.25
B8: Antecesor: | D8: =IF(SUM(J18:X18)=0,0,AVERAGE(J18:X18)) -> 0 | E8: =IF(D8=0,"",100/D8/$D$15*100*10000) | F8: =IF(D8=0,"",STDEV(J18:X18)) | G8: =IF(F8="","",F8/D8) | H8: Sector 2 | I8: Surco 1 | AC8: 0 | AD8: =$AD$5 -> 0.25 | AE8: 0 | AF8: =+AD8+($D$15/100) -> 0.25 | AG8: 0 | AH8: =+AF8+($D$15/100) -> 0.25 | AI8: 0 | AJ8: =+AH8+($D$15/100) -> 0.25 | AK8: 0 | AL8: =+AJ8+($D$15/100) -> 0.25 | AM8: 0 | AN8: =+AL8+($D$15/100) -> 0.25
D9: =IF(SUM(J19:X19)=0,0,AVERAGE(J19:X19)) -> 0 | E9: =IF(D9=0,"",100/D9/$D$15*100*10000) | F9: =IF(D9=0,"",STDEV(J19:X19)) | G9: =IF(F9="","",F9/D9) | I9: Surco 2 | AC9: 0 | AD9: =$AD$5 -> 0.25 | AE9: 0 | AF9: =+AD9+($D$15/100) -> 0.25 | AG9: 0 | AH9: =+AF9+($D$15/100) -> 0.25 | AI9: 0 | AJ9: =+AH9+($D$15/100) -> 0.25 | AK9: 0 | AL9: =+AJ9+($D$15/100) -> 0.25 | AM9: 0 | AN9: =+AL9+($D$15/100) -> 0.25
B10: Nombre Contratista: | D10: =IF(SUM(J20:X20)=0,0,AVERAGE(J20:X20)) -> 0 | E10: =IF(D10=0,"",100/D10/$D$15*100*10000) | F10: =IF(D10=0,"",STDEV(J20:X20)) | G10: =IF(F10="","",F10/D10) | H10: Sector 3 | I10: Surco 1 | AC10: 0 | AD10: =$AD$5 -> 0.25 | AE10: 0 | AF10: =+AD10+($D$15/100) -> 0.25 | AG10: 0 | AH10: =+AF10+($D$15/100) -> 0.25 | AI10: 0 | AJ10: =+AH10+($D$15/100) -> 0.25 | AK10: 0 | AL10: =+AJ10+($D$15/100) -> 0.25 | AM10: 0 | AN10: =+AL10+($D$15/100) -> 0.25
D11: =IF(SUM(J21:X21)=0,0,AVERAGE(J21:X21)) -> 0 | E11: =IF(D11=0,"",100/D11/$D$15*100*10000) | F11: =IF(D11=0,"",STDEV(J21:X21)) | G11: =IF(F11="","",F11/D11) | I11: Surco 2 | AC11: 0 | AD11: =$AD$5 -> 0.25 | AE11: 0 | AF11: =+AD11+($D$15/100) -> 0.25 | AG11: 0 | AH11: =+AF11+($D$15/100) -> 0.25 | AI11: 0 | AJ11: =+AH11+($D$15/100) -> 0.25 | AK11: 0 | AL11: =+AJ11+($D$15/100) -> 0.25 | AM11: 0 | AN11: =+AL11+($D$15/100) -> 0.25
B12: Sembradora: | AC12: 0 | AD12: =$AD$5 -> 0.25 | AE12: 0 | AF12: =+AD12+($D$15/100) -> 0.25 | AG12: 0 | AH12: =+AF12+($D$15/100) -> 0.25 | AI12: 0 | AJ12: =+AH12+($D$15/100) -> 0.25 | AK12: 0 | AL12: =+AJ12+($D$15/100) -> 0.25 | AM12: 0 | AN12: =+AL12+($D$15/100) -> 0.25
AC13: 0 | AD13: =$AD$5 -> 0.25 | AE13: 0 | AF13: =+AD13+($D$15/100) -> 0.25 | AG13: 0 | AH13: =+AF13+($D$15/100) -> 0.25 | AI13: 0 | AJ13: =+AH13+($D$15/100) -> 0.25 | AK13: 0 | AL13: =+AJ13+($D$15/100) -> 0.25 | AM13: 0 | AN13: =+AL13+($D$15/100) -> 0.25
D14: =IF(COUNTIF(D6:D13,">0"),SUM(D6:D13)/COUNTIF(D6:D13,">0"),"") | J14: Distancia entre plantas | AC14: 0 | AD14: =$AD$5 -> 0.25 | AE14: 0 | AF14: =+AD14+($D$15/100) -> 0.25 | AG14: 0 | AH14: =+AF14+($D$15/100) -> 0.25 | AI14: 0 | AJ14: =+AH14+($D$15/100) -> 0.25 | AK14: 0 | AL14: =+AJ14+($D$15/100) -> 0.25 | AM14: 0 | AN14: =+AL14+($D$15/100) -> 0.25
B15: Distancia e/surcos (cm) | E15: cm | F15: % Logro | J15: 1-2 | K15: 2-3 | L15: 3-4 | M15: 4-5 | N15: 5-6 | O15: 6-7 | P15: 7-8 | Q15: 8-9 | R15: 9-10 | S15: 10-11 | T15: 11-12 | U15: 12-13 | V15: 13-14 | W15: 14-15 | X15: 15-16 | AC15: 0 | AD15: =$AD$5 -> 0.25 | AE15: 0 | AF15: =+AD15+($D$15/100) -> 0.25 | AG15: 0 | AH15: =+AF15+($D$15/100) -> 0.25 | AI15: 0 | AJ15: =+AH15+($D$15/100) -> 0.25 | AK15: 0 | AL15: =+AJ15+($D$15/100) -> 0.25 | AM15: 0 | AN15: =+AL15+($D$15/100) -> 0.25
B16: Logro promedio de plantas | D16: =IF(SUM(E6:E13)=0,0,AVERAGE(E6:E13)) -> 0 | E16: ptas./ha | F16: =+IF(B7="","",D16/B7*100) | J16: =J6 -> 0 | K16: =K6-J6 -> 0 | L16: =L6-K6 -> 0 | M16: =M6-L6 -> 0 | N16: =N6-M6 -> 0 | O16: =O6-N6 -> 0 | P16: =P6-O6 -> 0 | Q16: =Q6-P6 -> 0 | R16: =R6-Q6 -> 0 | ... X16: =X6-W6 -> 0 | AC16: 0 | AD16: =$AD$5 -> 0.25 | AE16: 0 | AF16: =+AD16+($D$15/100) -> 0.25 | AG16: 0 | AH16: =+AF16+($D$15/100) -> 0.25 | AI16: 0 | AJ16: =+AH16+($D$15/100) -> 0.25 | AK16: 0 | AL16: =+AJ16+($D$15/100) -> 0.25 | AM16: 0 | AN16: =+AL16+($D$15/100) -> 0.25
B17: Desvío uniformidad planteo | D17: =IF(SUM(F6:F13)=0,0,AVERAGE(F6:F13)) -> 0 | E17: cm | J17: =J7 -> 0 | K17: =K7-J7 -> 0 | L17: =L7-K7 -> 0 | M17: =M7-L7 -> 0 | N17: =N7-M7 -> 0 | O17: =O7-N7 -> 0 | P17: =P7-O7 -> 0 | Q17: =Q7-P7 -> 0 | R17: =R7-Q7 -> 0 | ... X17: =X7-W7 -> 0 | AC17: 0 | AD17: =$AD$5 -> 0.25 | AE17: 0 | AF17: =+AD17+($D$15/100) -> 0.25 | AG17: 0 | AH17: =+AF17+($D$15/100) -> 0.25 | AI17: 0 | AJ17: =+AH17+($D$15/100) -> 0.25 | AK17: 0 | AL17: =+AJ17+($D$15/100) -> 0.25 | AM17: 0 | AN17: =+AL17+($D$15/100) -> 0.25
B18: COEFICIENTE DE VARIACIÓN | D18: =IF(SUM(G6:G13)=0,0,AVERAGE(G6:G13)) -> 0 | J18: =J8 -> 0 | K18: =K8-J8 -> 0 | L18: =L8-K8 -> 0 | M18: =M8-L8 -> 0 | N18: =N8-M8 -> 0 | O18: =O8-N8 -> 0 | P18: =P8-O8 -> 0 | Q18: =Q8-P8 -> 0 | R18: =R8-Q8 -> 0 | ... X18: =X8-W8 -> 0
J19: =J9 -> 0 | K19: =K9-J9 -> 0 | L19: =L9-K9 -> 0 | M19: =M9-L9 -> 0 | N19: =N9-M9 -> 0 | O19: =O9-N9 -> 0 | P19: =P9-O9 -> 0 | Q19: =Q9-P9 -> 0 | R19: =R9-Q9 -> 0 | ... X19: =X9-W9 -> 0 | AC19: DISTANCIAMIENTO ENTRE PLANTAS IDEAL-DATOS ORIGEN GRAFICO
B20: Distribución espacial | J20: =J10 -> 0 | K20: =K10-J10 -> 0 | L20: =L10-K10 -> 0 | M20: =M10-L10 -> 0 | N20: =N10-M10 -> 0 | O20: =O10-N10 -> 0 | P20: =P10-O10 -> 0 | Q20: =Q10-P10 -> 0 | R20: =R10-Q10 -> 0 | ... X20: =X10-W10 -> 0 | AC20: =100/(AI23/(100*(100/($D$15/100)))) -> #DIV/0! | AD20: =+$AC$20*J5 -> #DIV/0! | AE20: =+$AC$20*K5 -> #DIV/0! | AF20: =+$AC$20*L5 -> #DIV/0! | AG20: =+$AC$20*M5 -> #DIV/0! | AH20: =+$AC$20*N5 -> #DIV/0! | AI20: =+$AC$20*O5 -> #DIV/0! | AJ20: =+$AC$20*P5 -> #DIV/0! | AK20: =+$AC$20*Q5 -> #DIV/0! | ... AQ20: =+$AC$20*W5 -> #DIV/0!
J21: =J11 -> 0 | K21: =K11-J11 -> 0 | L21: =L11-K11 -> 0 | M21: =M11-L11 -> 0 | N21: =N11-M11 -> 0 | O21: =O11-N11 -> 0 | P21: =P11-O11 -> 0 | Q21: =Q11-P11 -> 0 | R21: =R11-Q11 -> 0 | ... X21: =X11-W11 -> 0 | AC21: =+$AN$5+($D$15/100) -> 0.25 | AD21: =+$AN$5+($D$15/100) -> 0.25 | AE21: =+$AN$5+($D$15/100) -> 0.25 | AF21: =+$AN$5+($D$15/100) -> 0.25 | AG21: =+$AN$5+($D$15/100) -> 0.25 | AH21: =+$AN$5+($D$15/100) -> 0.25 | AI21: =+$AN$5+($D$15/100) -> 0.25 | AJ21: =+$AN$5+($D$15/100) -> 0.25 | ... AQ21: =+$AN$5+($D$15/100) -> 0.25
AC23: PL/HA-DATO ORIGEN GRAFICO= | AI23: =IF(B7="",D16,B7) -> 0
AC26: Densidad de siembra | AH26: =B7 -> 0
AC27: Distancia entre surcos | AH27: =D15/100 -> 0
AC28: Distancia eq 10 m2 (m) | AH28: =IF(AH27="","",10/AH27) -> #DIV/0!
J29: Observaciones: | AC29: Semillas/m lineal | AH29: =IF(AH27="","",1*(AH26/1000)/AH28) -> #DIV/0!
AC30: Distancia e/semillas(cm) | AH30: =IF(AH29="","",1/AH29*100) -> #DIV/0!
AC32: Doble (cm) | AH32: =IF(AH30="","",3) -> #DIV/0!
AC33: Fallo (cm) | AH33: =IF(AH27="","",2*AH30) -> #DIV/0!
AC34: Aceptable

Sheet L12
B1: RECUENTOS POR LOTE - MAIZ | AC1: Distanciamiento entre plantas- DATOS DE ORIGEN GRAFICO
B2: Establecimiento: | F2: Fecha: | K2: Estado Fenológico:
AC3: Sector 1 | AG3: Sector 2 | AK3: Sector 3
B4: Potrero: | D4: Dist.med. | E4: Plantas | F4: Desvío | G4: C.V. | H4: Distancias acumuladas entre plantas | AC4: S 1 | AE4: S 2 | AG4: S 1 | AI4: S 2 | AK4: S 1 | AM4: S 2
B5: Sitio: | D5: cm | E5: por ha | F5: plant.cm | J5: 2 | K5: 3 | L5: 4 | M5: 5 | N5: 6 | O5: 7 | P5: 8 | Q5: 9 | R5: 10 | S5: 11 | T5: 12 | U5: 13 | V5: 14 | W5: 15 | X5: 16 | AC5: {=TRANSPOSE(J6:X6)} -> 0 | AD5: 0.25 | AE5: {=TRANSPOSE(J7:X7)} -> 0 | AF5: =+AD5+($D$15/100) -> 0.25 | AG5: {=TRANSPOSE(J8:X8)} -> 0 | AH5: =+AF5+($D$15/100) -> 0.25 | AI5: {=TRANSPOSE(J9:X9)} -> 0 | AJ5: =+AH5+($D$15/100) -> 0.25 | AK5: {=TRANSPOSE(J10:X10)} -> 0 | AL5: =+AJ5+($D$15/100) -> 0.25 | AM5: {=TRANSPOSE(J11:X11)} -> 0 | AN5: =+AL5+($D$15/100) -> 0.25
B6: Densidad de Siembra: | D6: =IF(SUM(J16:X16)=0,0,AVERAGE(J16:X16)) -> 0 | E6: =IF(D6=0,"",100/D6/$D$15*100*10000) | F6: =IF(D6=0,"",STDEV(J16:X16)) | G6: =IF(F6="","",F6/D6) | H6: Sector 1 | I6: Surco 1 | AC6: 0 | AD6: =$AD$5 -> 0.25 | AE6: 0 | AF6: =+AD6+($D$15/100) -> 0.25 | AG6: 0 | AH6: =+AF6+($D$15/100) -> 0.25 | AI6: 0 | AJ6: =+AH6+($D$15/100) -> 0.25 | AK6: 0 | AL6: =+AJ6+($D$15/100) -> 0.25 | AM6: 0 | AN6: =+AL6+($D$15/100) -> 0.25
C7: sem/ha | D7: =IF(SUM(J17:X17)=0,0,AVERAGE(J17:X17)) -> 0 | E7: =IF(D7=0,"",100/D7/$D$15*100*10000) | F7: =IF(D7=0,"",STDEV(J17:X17)) | G7: =IF(F7="","",F7/D7) | I7: Surco 2 | AC7: 0 | AD7: =$AD$5 -> 0.25 | AE7: 0 | AF7: =+AD7+($D$15/100) -> 0.25 | AG7: 0 | AH7: =+AF7+($D$15/100) -> 0.25 | AI7: 0 | AJ7: =+AH7+($D$15/100) -> 0.25 | AK7: 0 | AL7: =+AJ7+($D$15/100) -> 0.25 | AM7: 0 | AN7: =+AL7+($D$15/100) -> 0.25
B8: Antecesor: | D8: =IF(SUM(J18:X18)=0,0,AVERAGE(J18:X18)) -> 0 | E8: =IF(D8=0,"",100/D8/$D$15*100*10000) | F8: =IF(D8=0,"",STDEV(J18:X18)) | G8: =IF(F8="","",F8/D8) | H8: Sector 2 | I8: Surco 1 | AC8: 0 | AD8: =$AD$5 -> 0.25 | AE8: 0 | AF8: =+AD8+($D$15/100) -> 0.25 | AG8: 0 | AH8: =+AF8+($D$15/100) -> 0.25 | AI8: 0 | AJ8: =+AH8+($D$15/100) -> 0.25 | AK8: 0 | AL8: =+AJ8+($D$15/100) -> 0.25 | AM8: 0 | AN8: =+AL8+($D$15/100) -> 0.25
D9: =IF(SUM(J19:X19)=0,0,AVERAGE(J19:X19)) -> 0 | E9: =IF(D9=0,"",100/D9/$D$15*100*10000) | F9: =IF(D9=0,"",STDEV(J19:X19)) | G9: =IF(F9="","",F9/D9) | I9: Surco 2 | AC9: 0 | AD9: =$AD$5 -> 0.25 | AE9: 0 | AF9: =+AD9+($D$15/100) -> 0.25 | AG9: 0 | AH9: =+AF9+($D$15/100) -> 0.25 | AI9: 0 | AJ9: =+AH9+($D$15/100) -> 0.25 | AK9: 0 | AL9: =+AJ9+($D$15/100) -> 0.25 | AM9: 0 | AN9: =+AL9+($D$15/100) -> 0.25
B10: Nombre Contratista: | D10: =IF(SUM(J20:X20)=0,0,AVERAGE(J20:X20)) -> 0 | E10: =IF(D10=0,"",100/D10/$D$15*100*10000) | F10: =IF(D10=0,"",STDEV(J20:X20)) | G10: =IF(F10="","",F10/D10) | H10: Sector 3 | I10: Surco 1 | AC10: 0 | AD10: =$AD$5 -> 0.25 | AE10: 0 | AF10: =+AD10+($D$15/100) -> 0.25 | AG10: 0 | AH10: =+AF10+($D$15/100) -> 0.25 | AI10: 0 | AJ10: =+AH10+($D$15/100) -> 0.25 | AK10: 0 | AL10: =+AJ10+($D$15/100) -> 0.25 | AM10: 0 | AN10: =+AL10+($D$15/100) -> 0.25
D11: =IF(SUM(J21:X21)=0,0,AVERAGE(J21:X21)) -> 0 | E11: =IF(D11=0,"",100/D11/$D$15*100*10000) | F11: =IF(D11=0,"",STDEV(J21:X21)) | G11: =IF(F11="","",F11/D11) | I11: Surco 2 | AC11: 0 | AD11: =$AD$5 -> 0.25 | AE11: 0 | AF11: =+AD11+($D$15/100) -> 0.25 | AG11: 0 | AH11: =+AF11+($D$15/100) -> 0.25 | AI11: 0 | AJ11: =+AH11+($D$15/100) -> 0.25 | AK11: 0 | AL11: =+AJ11+($D$15/100) -> 0.25 | AM11: 0 | AN11: =+AL11+($D$15/100) -> 0.25
B12: Sembradora: | AC12: 0 | AD12: =$AD$5 -> 0.25 | AE12: 0 | AF12: =+AD12+($D$15/100) -> 0.25 | AG12: 0 | AH12: =+AF12+($D$15/100) -> 0.25 | AI12: 0 | AJ12: =+AH12+($D$15/100) -> 0.25 | AK12: 0 | AL12: =+AJ12+($D$15/100) -> 0.25 | AM12: 0 | AN12: =+AL12+($D$15/100) -> 0.25
AC13: 0 | AD13: =$AD$5 -> 0.25 | AE13: 0 | AF13: =+AD13+($D$15/100) -> 0.25 | AG13: 0 | AH13: =+AF13+($D$15/100) -> 0.25 | AI13: 0 | AJ13: =+AH13+($D$15/100) -> 0.25 | AK13: 0 | AL13: =+AJ13+($D$15/100) -> 0.25 | AM13: 0 | AN13: =+AL13+($D$15/100) -> 0.25
D14: =IF(COUNTIF(D6:D13,">0"),SUM(D6:D13)/COUNTIF(D6:D13,">0"),"") | J14: Distancia entre plantas | AC14: 0 | AD14: =$AD$5 -> 0.25 | AE14: 0 | AF14: =+AD14+($D$15/100) -> 0.25 | AG14: 0 | AH14: =+AF14+($D$15/100) -> 0.25 | AI14: 0 | AJ14: =+AH14+($D$15/100) -> 0.25 | AK14: 0 | AL14: =+AJ14+($D$15/100) -> 0.25 | AM14: 0 | AN14: =+AL14+($D$15/100) -> 0.25
B15: Distancia e/surcos (cm) | E15: cm | F15: % Logro | J15: 1-2 | K15: 2-3 | L15: 3-4 | M15: 4-5 | N15: 5-6 | O15: 6-7 | P15: 7-8 | Q15: 8-9 | R15: 9-10 | S15: 10-11 | T15: 11-12 | U15: 12-13 | V15: 13-14 | W15: 14-15 | X15: 15-16 | AC15: 0 | AD15: =$AD$5 -> 0.25 | AE15: 0 | AF15: =+AD15+($D$15/100) -> 0.25 | AG15: 0 | AH15: =+AF15+($D$15/100) -> 0.25 | AI15: 0 | AJ15: =+AH15+($D$15/100) -> 0.25 | AK15: 0 | AL15: =+AJ15+($D$15/100) -> 0.25 | AM15: 0 | AN15: =+AL15+($D$15/100) -> 0.25
B16: Logro promedio de plantas | D16: =IF(SUM(E6:E13)=0,0,AVERAGE(E6:E13)) -> 0 | E16: ptas./ha | F16: =+IF(B7="","",D16/B7*100) | J16: =J6 -> 0 | K16: =K6-J6 -> 0 | L16: =L6-K6 -> 0 | M16: =M6-L6 -> 0 | N16: =N6-M6 -> 0 | O16: =O6-N6 -> 0 | P16: =P6-O6 -> 0 | Q16: =Q6-P6 -> 0 | R16: =R6-Q6 -> 0 | ... X16: =X6-W6 -> 0 | AC16: 0 | AD16: =$AD$5 -> 0.25 | AE16: 0 | AF16: =+AD16+($D$15/100) -> 0.25 | AG16: 0 | AH16: =+AF16+($D$15/100) -> 0.25 | AI16: 0 | AJ16: =+AH16+($D$15/100) -> 0.25 | AK16: 0 | AL16: =+AJ16+($D$15/100) -> 0.25 | AM16: 0 | AN16: =+AL16+($D$15/100) -> 0.25
B17: Desvío uniformidad planteo | D17: =IF(SUM(F6:F13)=0,0,AVERAGE(F6:F13)) -> 0 | E17: cm | J17: =J7 -> 0 | K17: =K7-J7 -> 0 | L17: =L7-K7 -> 0 | M17: =M7-L7 -> 0 | N17: =N7-M7 -> 0 | O17: =O7-N7 -> 0 | P17: =P7-O7 -> 0 | Q17: =Q7-P7 -> 0 | R17: =R7-Q7 -> 0 | ... X17: =X7-W7 -> 0 | AC17: 0 | AD17: =$AD$5 -> 0.25 | AE17: 0 | AF17: =+AD17+($D$15/100) -> 0.25 | AG17: 0 | AH17: =+AF17+($D$15/100) -> 0.25 | AI17: 0 | AJ17: =+AH17+($D$15/100) -> 0.25 | AK17: 0 | AL17: =+AJ17+($D$15/100) -> 0.25 | AM17: 0 | AN17: =+AL17+($D$15/100) -> 0.25
B18: COEFICIENTE DE VARIACIÓN | D18: =IF(SUM(G6:G13)=0,0,AVERAGE(G6:G13)) -> 0 | J18: =J8 -> 0 | K18: =K8-J8 -> 0 | L18: =L8-K8 -> 0 | M18: =M8-L8 -> 0 | N18: =N8-M8 -> 0 | O18: =O8-N8 -> 0 | P18: =P8-O8 -> 0 | Q18: =Q8-P8 -> 0 | R18: =R8-Q8 -> 0 | ... X18: =X8-W8 -> 0
J19: =J9 -> 0 | K19: =K9-J9 -> 0 | L19: =L9-K9 -> 0 | M19: =M9-L9 -> 0 | N19: =N9-M9 -> 0 | O19: =O9-N9 -> 0 | P19: =P9-O9 -> 0 | Q19: =Q9-P9 -> 0 | R19: =R9-Q9 -> 0 | ... X19: =X9-W9 -> 0 | AC19: DISTANCIAMIENTO ENTRE PLANTAS IDEAL-DATOS ORIGEN GRAFICO
B20: Distribución espacial | J20: =J10 -> 0 | K20: =K10-J10 -> 0 | L20: =L10-K10 -> 0 | M20: =M10-L10 -> 0 | N20: =N10-M10 -> 0 | O20: =O10-N10 -> 0 | P20: =P10-O10 -> 0 | Q20: =Q10-P10 -> 0 | R20: =R10-Q10 -> 0 | ... X20: =X10-W10 -> 0 | AC20: =100/(AI23/(100*(100/($D$15/100)))) -> #DIV/0! | AD20: =+$AC$20*J5 -> #DIV/0! | AE20: =+$AC$20*K5 -> #DIV/0! | AF20: =+$AC$20*L5 -> #DIV/0! | AG20: =+$AC$20*M5 -> #DIV/0! | AH20: =+$AC$20*N5 -> #DIV/0! | AI20: =+$AC$20*O5 -> #DIV/0! | AJ20: =+$AC$20*P5 -> #DIV/0! | AK20: =+$AC$20*Q5 -> #DIV/0! | ... AQ20: =+$AC$20*W5 -> #DIV/0!
J21: =J11 -> 0 | K21: =K11-J11 -> 0 | L21: =L11-K11 -> 0 | M21: =M11-L11 -> 0 | N21: =N11-M11 -> 0 | O21: =O11-N11 -> 0 | P21: =P11-O11 -> 0 | Q21: =Q11-P11 -> 0 | R21: =R11-Q11 -> 0 | ... X21: =X11-W11 -> 0 | AC21: =+$AN$5+($D$15/100) -> 0.25 | AD21: =+$AN$5+($D$15/100) -> 0.25 | AE21: =+$AN$5+($D$15/100) -> 0.25 | AF21: =+$AN$5+($D$15/100) -> 0.25 | AG21: =+$AN$5+($D$15/100) -> 0.25 | AH21: =+$AN$5+($D$15/100) -> 0.25 | AI21: =+$AN$5+($D$15/100) -> 0.25 | AJ21: =+$AN$5+($D$15/100) -> 0.25 | ... AQ21: =+$AN$5+($D$15/100) -> 0.25
AC23: PL/HA-DATO ORIGEN GRAFICO= | AI23: =IF(B7="",D16,B7) -> 0
AC26: Densidad de siembra | AH26: =B7 -> 0
AC27: Distancia entre surcos | AH27: =D15/100 -> 0
AC28: Distancia eq 10 m2 (m) | AH28: =IF(AH27="","",10/AH27) -> #DIV/0!
J29: Observaciones: | AC29: Semillas/m lineal | AH29: =IF(AH27="","",1*(AH26/1000)/AH28) -> #DIV/0!
AC30: Distancia e/semillas(cm) | AH30: =IF(AH29="","",1/AH29*100) -> #DIV/0!
AC32: Doble (cm) | AH32: =IF(AH30="","",3) -> #DIV/0!
AC33: Fallo (cm) | AH33: =IF(AH27="","",2*AH30) -> #DIV/0!
AC34: Aceptable

Sheet L13
B1: RECUENTOS POR LOTE - MAIZ | AC1: Distanciamiento entre plantas- DATOS DE ORIGEN GRAFICO
B2: Establecimiento: | F2: Fecha: | K2: Estado Fenológico:
AC3: Sector 1 | AG3: Sector 2 | AK3: Sector 3
B4: Potrero: | D4: Dist.med. | E4: Plantas | F4: Desvío | G4: C.V. | H4: Distancias acumuladas entre plantas | AC4: S 1 | AE4: S 2 | AG4: S 1 | AI4: S 2 | AK4: S 1 | AM4: S 2
B5: Sitio: | D5: cm | E5: por ha | F5: plant.cm | J5: 2 | K5: 3 | L5: 4 | M5: 5 | N5: 6 | O5: 7 | P5: 8 | Q5: 9 | R5: 10 | S5: 11 | T5: 12 | U5: 13 | V5: 14 | W5: 15 | X5: 16 | AC5: {=TRANSPOSE(J6:X6)} -> 0 | AD5: 0.25 | AE5: {=TRANSPOSE(J7:X7)} -> 0 | AF5: =+AD5+($D$15/100) -> 0.25 | AG5: {=TRANSPOSE(J8:X8)} -> 0 | AH5: =+AF5+($D$15/100) -> 0.25 | AI5: {=TRANSPOSE(J9:X9)} -> 0 | AJ5: =+AH5+($D$15/100) -> 0.25 | AK5: {=TRANSPOSE(J10:X10)} -> 0 | AL5: =+AJ5+($D$15/100) -> 0.25 | AM5: {=TRANSPOSE(J11:X11)} -> 0 | AN5: =+AL5+($D$15/100) -> 0.25
B6: Densidad de Siembra: | D6: =IF(SUM(J16:X16)=0,0,AVERAGE(J16:X16)) -> 0 | E6: =IF(D6=0,"",100/D6/$D$15*100*10000) | F6: =IF(D6=0,"",STDEV(J16:X16)) | G6: =IF(F6="","",F6/D6) | H6: Sector 1 | I6: Surco 1 | AC6: 0 | AD6: =$AD$5 -> 0.25 | AE6: 0 | AF6: =+AD6+($D$15/100) -> 0.25 | AG6: 0 | AH6: =+AF6+($D$15/100) -> 0.25 | AI6: 0 | AJ6: =+AH6+($D$15/100) -> 0.25 | AK6: 0 | AL6: =+AJ6+($D$15/100) -> 0.25 | AM6: 0 | AN6: =+AL6+($D$15/100) -> 0.25
C7: sem/ha | D7: =IF(SUM(J17:X17)=0,0,AVERAGE(J17:X17)) -> 0 | E7: =IF(D7=0,"",100/D7/$D$15*100*10000) | F7: =IF(D7=0,"",STDEV(J17:X17)) | G7: =IF(F7="","",F7/D7) | I7: Surco 2 | AC7: 0 | AD7: =$AD$5 -> 0.25 | AE7: 0 | AF7: =+AD7+($D$15/100) -> 0.25 | AG7: 0 | AH7: =+AF7+($D$15/100) -> 0.25 | AI7: 0 | AJ7: =+AH7+($D$15/100) -> 0.25 | AK7: 0 | AL7: =+AJ7+($D$15/100) -> 0.25 | AM7: 0 | AN7: =+AL7+($D$15/100) -> 0.25
B8: Antecesor: | D8: =IF(SUM(J18:X18)=0,0,AVERAGE(J18:X18)) -> 0 | E8: =IF(D8=0,"",100/D8/$D$15*100*10000) | F8: =IF(D8=0,"",STDEV(J18:X18)) | G8: =IF(F8="","",F8/D8) | H8: Sector 2 | I8: Surco 1 | AC8: 0 | AD8: =$AD$5 -> 0.25 | AE8: 0 | AF8: =+AD8+($D$15/100) -> 0.25 | AG8: 0 | AH8: =+AF8+($D$15/100) -> 0.25 | AI8: 0 | AJ8: =+AH8+($D$15/100) -> 0.25 | AK8: 0 | AL8: =+AJ8+($D$15/100) -> 0.25 | AM8: 0 | AN8: =+AL8+($D$15/100) -> 0.25
D9: =IF(SUM(J19:X19)=0,0,AVERAGE(J19:X19)) -> 0 | E9: =IF(D9=0,"",100/D9/$D$15*100*10000) | F9: =IF(D9=0,"",STDEV(J19:X19)) | G9: =IF(F9="","",F9/D9) | I9: Surco 2 | AC9: 0 | AD9: =$AD$5 -> 0.25 | AE9: 0 | AF9: =+AD9+($D$15/100) -> 0.25 | AG9: 0 | AH9: =+AF9+($D$15/100) -> 0.25 | AI9: 0 | AJ9: =+AH9+($D$15/100) -> 0.25 | AK9: 0 | AL9: =+AJ9+($D$15/100) -> 0.25 | AM9: 0 | AN9: =+AL9+($D$15/100) -> 0.25
B10: Nombre Contratista: | D10: =IF(SUM(J20:X20)=0,0,AVERAGE(J20:X20)) -> 0 | E10: =IF(D10=0,"",100/D10/$D$15*100*10000) | F10: =IF(D10=0,"",STDEV(J20:X20)) | G10: =IF(F10="","",F10/D10) | H10: Sector 3 | I10: Surco 1 | AC10: 0 | AD10: =$AD$5 -> 0.25 | AE10: 0 | AF10: =+AD10+($D$15/100) -> 0.25 | AG10: 0 | AH10: =+AF10+($D$15/100) -> 0.25 | AI10: 0 | AJ10: =+AH10+($D$15/100) -> 0.25 | AK10: 0 | AL10: =+AJ10+($D$15/100) -> 0.25 | AM10: 0 | AN10: =+AL10+($D$15/100) -> 0.25
D11: =IF(SUM(J21:X21)=0,0,AVERAGE(J21:X21)) -> 0 | E11: =IF(D11=0,"",100/D11/$D$15*100*10000) | F11: =IF(D11=0,"",STDEV(J21:X21)) | G11: =IF(F11="","",F11/D11) | I11: Surco 2 | AC11: 0 | AD11: =$AD$5 -> 0.25 | AE11: 0 | AF11: =+AD11+($D$15/100) -> 0.25 | AG11: 0 | AH11: =+AF11+($D$15/100) -> 0.25 | AI11: 0 | AJ11: =+AH11+($D$15/100) -> 0.25 | AK11: 0 | AL11: =+AJ11+($D$15/100) -> 0.25 | AM11: 0 | AN11: =+AL11+($D$15/100) -> 0.25
B12: Sembradora: | AC12: 0 | AD12: =$AD$5 -> 0.25 | AE12: 0 | AF12: =+AD12+($D$15/100) -> 0.25 | AG12: 0 | AH12: =+AF12+($D$15/100) -> 0.25 | AI12: 0 | AJ12: =+AH12+($D$15/100) -> 0.25 | AK12: 0 | AL12: =+AJ12+($D$15/100) -> 0.25 | AM12: 0 | AN12: =+AL12+($D$15/100) -> 0.25
AC13: 0 | AD13: =$AD$5 -> 0.25 | AE13: 0 | AF13: =+AD13+($D$15/100) -> 0.25 | AG13: 0 | AH13: =+AF13+($D$15/100) -> 0.25 | AI13: 0 | AJ13: =+AH13+($D$15/100) -> 0.25 | AK13: 0 | AL13: =+AJ13+($D$15/100) -> 0.25 | AM13: 0 | AN13: =+AL13+($D$15/100) -> 0.25
D14: =IF(COUNTIF(D6:D13,">0"),SUM(D6:D13)/COUNTIF(D6:D13,">0"),"") | J14: Distancia entre plantas | AC14: 0 | AD14: =$AD$5 -> 0.25 | AE14: 0 | AF14: =+AD14+($D$15/100) -> 0.25 | AG14: 0 | AH14: =+AF14+($D$15/100) -> 0.25 | AI14: 0 | AJ14: =+AH14+($D$15/100) -> 0.25 | AK14: 0 | AL14: =+AJ14+($D$15/100) -> 0.25 | AM14: 0 | AN14: =+AL14+($D$15/100) -> 0.25
B15: Distancia e/surcos (cm) | E15: cm | F15: % Logro | J15: 1-2 | K15: 2-3 | L15: 3-4 | M15: 4-5 | N15: 5-6 | O15: 6-7 | P15: 7-8 | Q15: 8-9 | R15: 9-10 | S15: 10-11 | T15: 11-12 | U15: 12-13 | V15: 13-14 | W15: 14-15 | X15: 15-16 | AC15: 0 | AD15: =$AD$5 -> 0.25 | AE15: 0 | AF15: =+AD15+($D$15/100) -> 0.25 | AG15: 0 | AH15: =+AF15+($D$15/100) -> 0.25 | AI15: 0 | AJ15: =+AH15+($D$15/100) -> 0.25 | AK15: 0 | AL15: =+AJ15+($D$15/100) -> 0.25 | AM15: 0 | AN15: =+AL15+($D$15/100) -> 0.25
B16: Logro promedio de plantas | D16: =IF(SUM(E6:E13)=0,0,AVERAGE(E6:E13)) -> 0 | E16: ptas./ha | F16: =+IF(B7="","",D16/B7*100) | J16: =J6 -> 0 | K16: =K6-J6 -> 0 | L16: =L6-K6 -> 0 | M16: =M6-L6 -> 0 | N16: =N6-M6 -> 0 | O16: =O6-N6 -> 0 | P16: =P6-O6 -> 0 | Q16: =Q6-P6 -> 0 | R16: =R6-Q6 -> 0 | ... X16: =X6-W6 -> 0 | AC16: 0 | AD16: =$AD$5 -> 0.25 | AE16: 0 | AF16: =+AD16+($D$15/100) -> 0.25 | AG16: 0 | AH16: =+AF16+($D$15/100) -> 0.25 | AI16: 0 | AJ16: =+AH16+($D$15/100) -> 0.25 | AK16: 0 | AL16: =+AJ16+($D$15/100) -> 0.25 | AM16: 0 | AN16: =+AL16+($D$15/100) -> 0.25
B17: Desvío uniformidad planteo | D17: =IF(SUM(F6:F13)=0,0,AVERAGE(F6:F13)) -> 0 | E17: cm | J17: =J7 -> 0 | K17: =K7-J7 -> 0 | L17: =L7-K7 -> 0 | M17: =M7-L7 -> 0 | N17: =N7-M7 -> 0 | O17: =O7-N7 -> 0 | P17: =P7-O7 -> 0 | Q17: =Q7-P7 -> 0 | R17: =R7-Q7 -> 0 | ... X17: =X7-W7 -> 0 | AC17: 0 | AD17: =$AD$5 -> 0.25 | AE17: 0 | AF17: =+AD17+($D$15/100) -> 0.25 | AG17: 0 | AH17: =+AF17+($D$15/100) -> 0.25 | AI17: 0 | AJ17: =+AH17+($D$15/100) -> 0.25 | AK17: 0 | AL17: =+AJ17+($D$15/100) -> 0.25 | AM17: 0 | AN17: =+AL17+($D$15/100) -> 0.25
B18: COEFICIENTE DE VARIACIÓN | D18: =IF(SUM(G6:G13)=0,0,AVERAGE(G6:G13)) -> 0 | J18: =J8 -> 0 | K18: =K8-J8 -> 0 | L18: =L8-K8 -> 0 | M18: =M8-L8 -> 0 | N18: =N8-M8 -> 0 | O18: =O8-N8 -> 0 | P18: =P8-O8 -> 0 | Q18: =Q8-P8 -> 0 | R18: =R8-Q8 -> 0 | ... X18: =X8-W8 -> 0
J19: =J9 -> 0 | K19: =K9-J9 -> 0 | L19: =L9-K9 -> 0 | M19: =M9-L9 -> 0 | N19: =N9-M9 -> 0 | O19: =O9-N9 -> 0 | P19: =P9-O9 -> 0 | Q19: =Q9-P9 -> 0 | R19: =R9-Q9 -> 0 | ... X19: =X9-W9 -> 0 | AC19: DISTANCIAMIENTO ENTRE PLANTAS IDEAL-DATOS ORIGEN GRAFICO
B20: Distribución espacial | J20: =J10 -> 0 | K20: =K10-J10 -> 0 | L20: =L10-K10 -> 0 | M20: =M10-L10 -> 0 | N20: =N10-M10 -> 0 | O20: =O10-N10 -> 0 | P20: =P10-O10 -> 0 | Q20: =Q10-P10 -> 0 | R20: =R10-Q10 -> 0 | ... X20: =X10-W10 -> 0 | AC20: =100/(AI23/(100*(100/($D$15/100)))) -> #DIV/0! | AD20: =+$AC$20*J5 -> #DIV/0! | AE20: =+$AC$20*K5 -> #DIV/0! | AF20: =+$AC$20*L5 -> #DIV/0! | AG20: =+$AC$20*M5 -> #DIV/0! | AH20: =+$AC$20*N5 -> #DIV/0! | AI20: =+$AC$20*O5 -> #DIV/0! | AJ20: =+$AC$20*P5 -> #DIV/0! | AK20: =+$AC$20*Q5 -> #DIV/0! | ... AQ20: =+$AC$20*W5 -> #DIV/0!
J21: =J11 -> 0 | K21: =K11-J11 -> 0 | L21: =L11-K11 -> 0 | M21: =M11-L11 -> 0 | N21: =N11-M11 -> 0 | O21: =O11-N11 -> 0 | P21: =P11-O11 -> 0 | Q21: =Q11-P11 -> 0 | R21: =R11-Q11 -> 0 | ... X21: =X11-W11 -> 0 | AC21: =+$AN$5+($D$15/100) -> 0.25 | AD21: =+$AN$5+($D$15/100) -> 0.25 | AE21: =+$AN$5+($D$15/100) -> 0.25 | AF21: =+$AN$5+($D$15/100) -> 0.25 | AG21: =+$AN$5+($D$15/100) -> 0.25 | AH21: =+$AN$5+($D$15/100) -> 0.25 | AI21: =+$AN$5+($D$15/100) -> 0.25 | AJ21: =+$AN$5+($D$15/100) -> 0.25 | ... AQ21: =+$AN$5+($D$15/100) -> 0.25
AC23: PL/HA-DATO ORIGEN GRAFICO= | AI23: =IF(B7="",D16,B7) -> 0
AC26: Densidad de siembra | AH26: =B7 -> 0
AC27: Distancia entre surcos | AH27: =D15/100 -> 0
AC28: Distancia eq 10 m2 (m) | AH28: =IF(AH27="","",10/AH27) -> #DIV/0!
J29: Observaciones: | AC29: Semillas/m lineal | AH29: =IF(AH27="","",1*(AH26/1000)/AH28) -> #DIV/0!
AC30: Distancia e/semillas(cm) | AH30: =IF(AH29="","",1/AH29*100) -> #DIV/0!
AC32: Doble (cm) | AH32: =IF(AH30="","",3) -> #DIV/0!
AC33: Fallo (cm) | AH33: =IF(AH27="","",2*AH30) -> #DIV/0!
AC34: Aceptable

Sheet L14
B1: RECUENTOS POR LOTE - MAIZ | AC1: Distanciamiento entre plantas- DATOS DE ORIGEN GRAFICO
B2: Establecimiento: | F2: Fecha: | K2: Estado Fenológico:
AC3: Sector 1 | AG3: Sector 2 | AK3: Sector 3
B4: Potrero: | D4: Dist.med. | E4: Plantas | F4: Desvío | G4: C.V. | H4: Distancias acumuladas entre plantas | AC4: S 1 | AE4: S 2 | AG4: S 1 | AI4: S 2 | AK4: S 1 | AM4: S 2
B5: Sitio: | D5: cm | E5: por ha | F5: plant.cm | J5: 2 | K5: 3 | L5: 4 | M5: 5 | N5: 6 | O5: 7 | P5: 8 | Q5: 9 | R5: 10 | S5: 11 | T5: 12 | U5: 13 | V5: 14 | W5: 15 | X5: 16 | AC5: {=TRANSPOSE(J6:X6)} -> 0 | AD5: 0.25 | AE5: {=TRANSPOSE(J7:X7)} -> 0 | AF5: =+AD5+($D$15/100) -> 0.25 | AG5: {=TRANSPOSE(J8:X8)} -> 0 | AH5: =+AF5+($D$15/100) -> 0.25 | AI5: {=TRANSPOSE(J9:X9)} -> 0 | AJ5: =+AH5+($D$15/100) -> 0.25 | AK5: {=TRANSPOSE(J10:X10)} -> 0 | AL5: =+AJ5+($D$15/100) -> 0.25 | AM5: {=TRANSPOSE(J11:X11)} -> 0 | AN5: =+AL5+($D$15/100) -> 0.25
B6: Densidad de Siembra: | D6: =IF(SUM(J16:X16)=0,0,AVERAGE(J16:X16)) -> 0 | E6: =IF(D6=0,"",100/D6/$D$15*100*10000) | F6: =IF(D6=0,"",STDEV(J16:X16)) | G6: =IF(F6="","",F6/D6) | H6: Sector 1 | I6: Surco 1 | AC6: 0 | AD6: =$AD$5 -> 0.25 | AE6: 0 | AF6: =+AD6+($D$15/100) -> 0.25 | AG6: 0 | AH6: =+AF6+($D$15/100) -> 0.25 | AI6: 0 | AJ6: =+AH6+($D$15/100) -> 0.25 | AK6: 0 | AL6: =+AJ6+($D$15/100) -> 0.25 | AM6: 0 | AN6: =+AL6+($D$15/100) -> 0.25
C7: sem/ha | D7: =IF(SUM(J17:X17)=0,0,AVERAGE(J17:X17)) -> 0 | E7: =IF(D7=0,"",100/D7/$D$15*100*10000) | F7: =IF(D7=0,"",STDEV(J17:X17)) | G7: =IF(F7="","",F7/D7) | I7: Surco 2 | AC7: 0 | AD7: =$AD$5 -> 0.25 | AE7: 0 | AF7: =+AD7+($D$15/100) -> 0.25 | AG7: 0 | AH7: =+AF7+($D$15/100) -> 0.25 | AI7: 0 | AJ7: =+AH7+($D$15/100) -> 0.25 | AK7: 0 | AL7: =+AJ7+($D$15/100) -> 0.25 | AM7: 0 | AN7: =+AL7+($D$15/100) -> 0.25
B8: Antecesor: | D8: =IF(SUM(J18:X18)=0,0,AVERAGE(J18:X18)) -> 0 | E8: =IF(D8=0,"",100/D8/$D$15*100*10000) | F8: =IF(D8=0,"",STDEV(J18:X18)) | G8: =IF(F8="","",F8/D8) | H8: Sector 2 | I8: Surco 1 | AC8: 0 | AD8: =$AD$5 -> 0.25 | AE8: 0 | AF8: =+AD8+($D$15/100) -> 0.25 | AG8: 0 | AH8: =+AF8+($D$15/100) -> 0.25 | AI8: 0 | AJ8: =+AH8+($D$15/100) -> 0.25 | AK8: 0 | AL8: =+AJ8+($D$15/100) -> 0.25 | AM8: 0 | AN8: =+AL8+($D$15/100) -> 0.25
D9: =IF(SUM(J19:X19)=0,0,AVERAGE(J19:X19)) -> 0 | E9: =IF(D9=0,"",100/D9/$D$15*100*10000) | F9: =IF(D9=0,"",STDEV(J19:X19)) | G9: =IF(F9="","",F9/D9) | I9: Surco 2 | AC9: 0 | AD9: =$AD$5 -> 0.25 | AE9: 0 | AF9: =+AD9+($D$15/100) -> 0.25 | AG9: 0 | AH9: =+AF9+($D$15/100) -> 0.25 | AI9: 0 | AJ9: =+AH9+($D$15/100) -> 0.25 | AK9: 0 | AL9: =+AJ9+($D$15/100) -> 0.25 | AM9: 0 | AN9: =+AL9+($D$15/100) -> 0.25
B10: Nombre Contratista: | D10: =IF(SUM(J20:X20)=0,0,AVERAGE(J20:X20)) -> 0 | E10: =IF(D10=0,"",100/D10/$D$15*100*10000) | F10: =IF(D10=0,"",STDEV(J20:X20)) | G10: =IF(F10="","",F10/D10) | H10: Sector 3 | I10: Surco 1 | AC10: 0 | AD10: =$AD$5 -> 0.25 | AE10: 0 | AF10: =+AD10+($D$15/100) -> 0.25 | AG10: 0 | AH10: =+AF10+($D$15/100) -> 0.25 | AI10: 0 | AJ10: =+AH10+($D$15/100) -> 0.25 | AK10: 0 | AL10: =+AJ10+($D$15/100) -> 0.25 | AM10: 0 | AN10: =+AL10+($D$15/100) -> 0.25
D11: =IF(SUM(J21:X21)=0,0,AVERAGE(J21:X21)) -> 0 | E11: =IF(D11=0,"",100/D11/$D$15*100*10000) | F11: =IF(D11=0,"",STDEV(J21:X21)) | G11: =IF(F11="","",F11/D11) | I11: Surco 2 | AC11: 0 | AD11: =$AD$5 -> 0.25 | AE11: 0 | AF11: =+AD11+($D$15/100) -> 0.25 | AG11: 0 | AH11: =+AF11+($D$15/100) -> 0.25 | AI11: 0 | AJ11: =+AH11+($D$15/100) -> 0.25 | AK11: 0 | AL11: =+AJ11+($D$15/100) -> 0.25 | AM11: 0 | AN11: =+AL11+($D$15/100) -> 0.25
B12: Sembradora: | AC12: 0 | AD12: =$AD$5 -> 0.25 | AE12: 0 | AF12: =+AD12+($D$15/100) -> 0.25 | AG12: 0 | AH12: =+AF12+($D$15/100) -> 0.25 | AI12: 0 | AJ12: =+AH12+($D$15/100) -> 0.25 | AK12: 0 | AL12: =+AJ12+($D$15/100) -> 0.25 | AM12: 0 | AN12: =+AL12+($D$15/100) -> 0.25
AC13: 0 | AD13: =$AD$5 -> 0.25 | AE13: 0 | AF13: =+AD13+($D$15/100) -> 0.25 | AG13: 0 | AH13: =+AF13+($D$15/100) -> 0.25 | AI13: 0 | AJ13: =+AH13+($D$15/100) -> 0.25 | AK13: 0 | AL13: =+AJ13+($D$15/100) -> 0.25 | AM13: 0 | AN13: =+AL13+($D$15/100) -> 0.25
D14: =IF(COUNTIF(D6:D13,">0"),SUM(D6:D13)/COUNTIF(D6:D13,">0"),"") | J14: Distancia entre plantas | AC14: 0 | AD14: =$AD$5 -> 0.25 | AE14: 0 | AF14: =+AD14+($D$15/100) -> 0.25 | AG14: 0 | AH14: =+AF14+($D$15/100) -> 0.25 | AI14: 0 | AJ14: =+AH14+($D$15/100) -> 0.25 | AK14: 0 | AL14: =+AJ14+($D$15/100) -> 0.25 | AM14: 0 | AN14: =+AL14+($D$15/100) -> 0.25
B15: Distancia e/surcos (cm) | E15: cm | F15: % Logro | J15: 1-2 | K15: 2-3 | L15: 3-4 | M15: 4-5 | N15: 5-6 | O15: 6-7 | P15: 7-8 | Q15: 8-9 | R15: 9-10 | S15: 10-11 | T15: 11-12 | U15: 12-13 | V15: 13-14 | W15: 14-15 | X15: 15-16 | AC15: 0 | AD15: =$AD$5 -> 0.25 | AE15: 0 | AF15: =+AD15+($D$15/100) -> 0.25 | AG15: 0 | AH15: =+AF15+($D$15/100) -> 0.25 | AI15: 0 | AJ15: =+AH15+($D$15/100) -> 0.25 | AK15: 0 | AL15: =+AJ15+($D$15/100) -> 0.25 | AM15: 0 | AN15: =+AL15+($D$15/100) -> 0.25
B16: Logro promedio de plantas | D16: =IF(SUM(E6:E13)=0,0,AVERAGE(E6:E13)) -> 0 | E16: ptas./ha | F16: =+IF(B7="","",D16/B7*100) | J16: =J6 -> 0 | K16: =K6-J6 -> 0 | L16: =L6-K6 -> 0 | M16: =M6-L6 -> 0 | N16: =N6-M6 -> 0 | O16: =O6-N6 -> 0 | P16: =P6-O6 -> 0 | Q16: =Q6-P6 -> 0 | R16: =R6-Q6 -> 0 | ... X16: =X6-W6 -> 0 | AC16: 0 | AD16: =$AD$5 -> 0.25 | AE16: 0 | AF16: =+AD16+($D$15/100) -> 0.25 | AG16: 0 | AH16: =+AF16+($D$15/100) -> 0.25 | AI16: 0 | AJ16: =+AH16+($D$15/100) -> 0.25 | AK16: 0 | AL16: =+AJ16+($D$15/100) -> 0.25 | AM16: 0 | AN16: =+AL16+($D$15/100) -> 0.25
B17: Desvío uniformidad planteo | D17: =IF(SUM(F6:F13)=0,0,AVERAGE(F6:F13)) -> 0 | E17: cm | J17: =J7 -> 0 | K17: =K7-J7 -> 0 | L17: =L7-K7 -> 0 | M17: =M7-L7 -> 0 | N17: =N7-M7 -> 0 | O17: =O7-N7 -> 0 | P17: =P7-O7 -> 0 | Q17: =Q7-P7 -> 0 | R17: =R7-Q7 -> 0 | ... X17: =X7-W7 -> 0 | AC17: 0 | AD17: =$AD$5 -> 0.25 | AE17: 0 | AF17: =+AD17+($D$15/100) -> 0.25 | AG17: 0 | AH17: =+AF17+($D$15/100) -> 0.25 | AI17: 0 | AJ17: =+AH17+($D$15/100) -> 0.25 | AK17: 0 | AL17: =+AJ17+($D$15/100) -> 0.25 | AM17: 0 | AN17: =+AL17+($D$15/100) -> 0.25
B18: COEFICIENTE DE VARIACIÓN | D18: =IF(SUM(G6:G13)=0,0,AVERAGE(G6:G13)) -> 0 | J18: =J8 -> 0 | K18: =K8-J8 -> 0 | L18: =L8-K8 -> 0 | M18: =M8-L8 -> 0 | N18: =N8-M8 -> 0 | O18: =O8-N8 -> 0 | P18: =P8-O8 -> 0 | Q18: =Q8-P8 -> 0 | R18: =R8-Q8 -> 0 | ... X18: =X8-W8 -> 0
J19: =J9 -> 0 | K19: =K9-J9 -> 0 | L19: =L9-K9 -> 0 | M19: =M9-L9 -> 0 | N19: =N9-M9 -> 0 | O19: =O9-N9 -> 0 | P19: =P9-O9 -> 0 | Q19: =Q9-P9 -> 0 | R19: =R9-Q9 -> 0 | ... X19: =X9-W9 -> 0 | AC19: DISTANCIAMIENTO ENTRE PLANTAS IDEAL-DATOS ORIGEN GRAFICO
B20: Distribución espacial | J20: =J10 -> 0 | K20: =K10-J10 -> 0 | L20: =L10-K10 -> 0 | M20: =M10-L10 -> 0 | N20: =N10-M10 -> 0 | O20: =O10-N10 -> 0 | P20: =P10-O10 -> 0 | Q20: =Q10-P10 -> 0 | R20: =R10-Q10 -> 0 | ... X20: =X10-W10 -> 0 | AC20: =100/(AI23/(100*(100/($D$15/100)))) -> #DIV/0! | AD20: =+$AC$20*J5 -> #DIV/0! | AE20: =+$AC$20*K5 -> #DIV/0! | AF20: =+$AC$20*L5 -> #DIV/0! | AG20: =+$AC$20*M5 -> #DIV/0! | AH20: =+$AC$20*N5 -> #DIV/0! | AI20: =+$AC$20*O5 -> #DIV/0! | AJ20: =+$AC$20*P5 -> #DIV/0! | AK20: =+$AC$20*Q5 -> #DIV/0! | ... AQ20: =+$AC$20*W5 -> #DIV/0!
J21: =J11 -> 0 | K21: =K11-J11 -> 0 | L21: =L11-K11 -> 0 | M21: =M11-L11 -> 0 | N21: =N11-M11 -> 0 | O21: =O11-N11 -> 0 | P21: =P11-O11 -> 0 | Q21: =Q11-P11 -> 0 | R21: =R11-Q11 -> 0 | ... X21: =X11-W11 -> 0 | AC21: =+$AN$5+($D$15/100) -> 0.25 | AD21: =+$AN$5+($D$15/100) -> 0.25 | AE21: =+$AN$5+($D$15/100) -> 0.25 | AF21: =+$AN$5+($D$15/100) -> 0.25 | AG21: =+$AN$5+($D$15/100) -> 0.25 | AH21: =+$AN$5+($D$15/100) -> 0.25 | AI21: =+$AN$5+($D$15/100) -> 0.25 | AJ21: =+$AN$5+($D$15/100) -> 0.25 | ... AQ21: =+$AN$5+($D$15/100) -> 0.25
AC23: PL/HA-DATO ORIGEN GRAFICO= | AI23: =IF(B7="",D16,B7) -> 0
AC26: Densidad de siembra | AH26: =B7 -> 0
AC27: Distancia entre surcos | AH27: =D15/100 -> 0
AC28: Distancia eq 10 m2 (m) | AH28: =IF(AH27="","",10/AH27) -> #DIV/0!
J29: Observaciones: | AC29: Semillas/m lineal | AH29: =IF(AH27="","",1*(AH26/1000)/AH28) -> #DIV/0!
AC30: Distancia e/semillas(cm) | AH30: =IF(AH29="","",1/AH29*100) -> #DIV/0!
AC32: Doble (cm) | AH32: =IF(AH30="","",3) -> #DIV/0!
AC33: Fallo (cm) | AH33: =IF(AH27="","",2*AH30) -> #DIV/0!
AC34: Aceptable

Sheet L15
B1: RECUENTOS POR LOTE - MAIZ | AC1: Distanciamiento entre plantas- DATOS DE ORIGEN GRAFICO
B2: Establecimiento: | F2: Fecha: | K2: Estado Fenológico:
AC3: Sector 1 | AG3: Sector 2 | AK3: Sector 3
B4: Potrero: | D4: Dist.med. | E4: Plantas | F4: Desvío | G4: C.V. | H4: Distancias acumuladas entre plantas | AC4: S 1 | AE4: S 2 | AG4: S 1 | AI4: S 2 | AK4: S 1 | AM4: S 2
B5: Sitio: | D5: cm | E5: por ha | F5: plant.cm | J5: 2 | K5: 3 | L5: 4 | M5: 5 | N5: 6 | O5: 7 | P5: 8 | Q5: 9 | R5: 10 | S5: 11 | T5: 12 | U5: 13 | V5: 14 | W5: 15 | X5: 16 | AC5: {=TRANSPOSE(J6:X6)} -> 0 | AD5: 0.25 | AE5: {=TRANSPOSE(J7:X7)} -> 0 | AF5: =+AD5+($D$15/100) -> 0.25 | AG5: {=TRANSPOSE(J8:X8)} -> 0 | AH5: =+AF5+($D$15/100) -> 0.25 | AI5: {=TRANSPOSE(J9:X9)} -> 0 | AJ5: =+AH5+($D$15/100) -> 0.25 | AK5: {=TRANSPOSE(J10:X10)} -> 0 | AL5: =+AJ5+($D$15/100) -> 0.25 | AM5: {=TRANSPOSE(J11:X11)} -> 0 | AN5: =+AL5+($D$15/100) -> 0.25
B6: Densidad de Siembra: | D6: =IF(SUM(J16:X16)=0,0,AVERAGE(J16:X16)) -> 0 | E6: =IF(D6=0,"",100/D6/$D$15*100*10000) | F6: =IF(D6=0,"",STDEV(J16:X16)) | G6: =IF(F6="","",F6/D6) | H6: Sector 1 | I6: Surco 1 | AC6: 0 | AD6: =$AD$5 -> 0.25 | AE6: 0 | AF6: =+AD6+($D$15/100) -> 0.25 | AG6: 0 | AH6: =+AF6+($D$15/100) -> 0.25 | AI6: 0 | AJ6: =+AH6+($D$15/100) -> 0.25 | AK6: 0 | AL6: =+AJ6+($D$15/100) -> 0.25 | AM6: 0 | AN6: =+AL6+($D$15/100) -> 0.25
C7: sem/ha | D7: =IF(SUM(J17:X17)=0,0,AVERAGE(J17:X17)) -> 0 | E7: =IF(D7=0,"",100/D7/$D$15*100*10000) | F7: =IF(D7=0,"",STDEV(J17:X17)) | G7: =IF(F7="","",F7/D7) | I7: Surco 2 | AC7: 0 | AD7: =$AD$5 -> 0.25 | AE7: 0 | AF7: =+AD7+($D$15/100) -> 0.25 | AG7: 0 | AH7: =+AF7+($D$15/100) -> 0.25 | AI7: 0 | AJ7: =+AH7+($D$15/100) -> 0.25 | AK7: 0 | AL7: =+AJ7+($D$15/100) -> 0.25 | AM7: 0 | AN7: =+AL7+($D$15/100) -> 0.25
B8: Antecesor: | D8: =IF(SUM(J18:X18)=0,0,AVERAGE(J18:X18)) -> 0 | E8: =IF(D8=0,"",100/D8/$D$15*100*10000) | F8: =IF(D8=0,"",STDEV(J18:X18)) | G8: =IF(F8="","",F8/D8) | H8: Sector 2 | I8: Surco 1 | AC8: 0 | AD8: =$AD$5 -> 0.25 | AE8: 0 | AF8: =+AD8+($D$15/100) -> 0.25 | AG8: 0 | AH8: =+AF8+($D$15/100) -> 0.25 | AI8: 0 | AJ8: =+AH8+($D$15/100) -> 0.25 | AK8: 0 | AL8: =+AJ8+($D$15/100) -> 0.25 | AM8: 0 | AN8: =+AL8+($D$15/100) -> 0.25
D9: =IF(SUM(J19:X19)=0,0,AVERAGE(J19:X19)) -> 0 | E9: =IF(D9=0,"",100/D9/$D$15*100*10000) | F9: =IF(D9=0,"",STDEV(J19:X19)) | G9: =IF(F9="","",F9/D9) | I9: Surco 2 | AC9: 0 | AD9: =$AD$5 -> 0.25 | AE9: 0 | AF9: =+AD9+($D$15/100) -> 0.25 | AG9: 0 | AH9: =+AF9+($D$15/100) -> 0.25 | AI9: 0 | AJ9: =+AH9+($D$15/100) -> 0.25 | AK9: 0 | AL9: =+AJ9+($D$15/100) -> 0.25 | AM9: 0 | AN9: =+AL9+($D$15/100) -> 0.25
B10: Nombre Contratista: | D10: =IF(SUM(J20:X20)=0,0,AVERAGE(J20:X20)) -> 0 | E10: =IF(D10=0,"",100/D10/$D$15*100*10000) | F10: =IF(D10=0,"",STDEV(J20:X20)) | G10: =IF(F10="","",F10/D10) | H10: Sector 3 | I10: Surco 1 | AC10: 0 | AD10: =$AD$5 -> 0.25 | AE10: 0 | AF10: =+AD10+($D$15/100) -> 0.25 | AG10: 0 | AH10: =+AF10+($D$15/100) -> 0.25 | AI10: 0 | AJ10: =+AH10+($D$15/100) -> 0.25 | AK10: 0 | AL10: =+AJ10+($D$15/100) -> 0.25 | AM10: 0 | AN10: =+AL10+($D$15/100) -> 0.25
D11: =IF(SUM(J21:X21)=0,0,AVERAGE(J21:X21)) -> 0 | E11: =IF(D11=0,"",100/D11/$D$15*100*10000) | F11: =IF(D11=0,"",STDEV(J21:X21)) | G11: =IF(F11="","",F11/D11) | I11: Surco 2 | AC11: 0 | AD11: =$AD$5 -> 0.25 | AE11: 0 | AF11: =+AD11+($D$15/100) -> 0.25 | AG11: 0 | AH11: =+AF11+($D$15/100) -> 0.25 | AI11: 0 | AJ11: =+AH11+($D$15/100) -> 0.25 | AK11: 0 | AL11: =+AJ11+($D$15/100) -> 0.25 | AM11: 0 | AN11: =+AL11+($D$15/100) -> 0.25
B12: Sembradora: | AC12: 0 | AD12: =$AD$5 -> 0.25 | AE12: 0 | AF12: =+AD12+($D$15/100) -> 0.25 | AG12: 0 | AH12: =+AF12+($D$15/100) -> 0.25 | AI12: 0 | AJ12: =+AH12+($D$15/100) -> 0.25 | AK12: 0 | AL12: =+AJ12+($D$15/100) -> 0.25 | AM12: 0 | AN12: =+AL12+($D$15/100) -> 0.25
AC13: 0 | AD13: =$AD$5 -> 0.25 | AE13: 0 | AF13: =+AD13+($D$15/100) -> 0.25 | AG13: 0 | AH13: =+AF13+($D$15/100) -> 0.25 | AI13: 0 | AJ13: =+AH13+($D$15/100) -> 0.25 | AK13: 0 | AL13: =+AJ13+($D$15/100) -> 0.25 | AM13: 0 | AN13: =+AL13+($D$15/100) -> 0.25
D14: =IF(COUNTIF(D6:D13,">0"),SUM(D6:D13)/COUNTIF(D6:D13,">0"),"") | J14: Distancia entre plantas | AC14: 0 | AD14: =$AD$5 -> 0.25 | AE14: 0 | AF14: =+AD14+($D$15/100) -> 0.25 | AG14: 0 | AH14: =+AF14+($D$15/100) -> 0.25 | AI14: 0 | AJ14: =+AH14+($D$15/100) -> 0.25 | AK14: 0 | AL14: =+AJ14+($D$15/100) -> 0.25 | AM14: 0 | AN14: =+AL14+($D$15/100) -> 0.25
B15: Distancia e/surcos (cm) | E15: cm | F15: % Logro | J15: 1-2 | K15: 2-3 | L15: 3-4 | M15: 4-5 | N15: 5-6 | O15: 6-7 | P15: 7-8 | Q15: 8-9 | R15: 9-10 | S15: 10-11 | T15: 11-12 | U15: 12-13 | V15: 13-14 | W15: 14-15 | X15: 15-16 | AC15: 0 | AD15: =$AD$5 -> 0.25 | AE15: 0 | AF15: =+AD15+($D$15/100) -> 0.25 | AG15: 0 | AH15: =+AF15+($D$15/100) -> 0.25 | AI15: 0 | AJ15: =+AH15+($D$15/100) -> 0.25 | AK15: 0 | AL15: =+AJ15+($D$15/100) -> 0.25 | AM15: 0 | AN15: =+AL15+($D$15/100) -> 0.25
B16: Logro promedio de plantas | D16: =IF(SUM(E6:E13)=0,0,AVERAGE(E6:E13)) -> 0 | E16: ptas./ha | F16: =+IF(B7="","",D16/B7*100) | J16: =J6 -> 0 | K16: =K6-J6 -> 0 | L16: =L6-K6 -> 0 | M16: =M6-L6 -> 0 | N16: =N6-M6 -> 0 | O16: =O6-N6 -> 0 | P16: =P6-O6 -> 0 | Q16: =Q6-P6 -> 0 | R16: =R6-Q6 -> 0 | ... X16: =X6-W6 -> 0 | AC16: 0 | AD16: =$AD$5 -> 0.25 | AE16: 0 | AF16: =+AD16+($D$15/100) -> 0.25 | AG16: 0 | AH16: =+AF16+($D$15/100) -> 0.25 | AI16: 0 | AJ16: =+AH16+($D$15/100) -> 0.25 | AK16: 0 | AL16: =+AJ16+($D$15/100) -> 0.25 | AM16: 0 | AN16: =+AL16+($D$15/100) -> 0.25
B17: Desvío uniformidad planteo | D17: =IF(SUM(F6:F13)=0,0,AVERAGE(F6:F13)) -> 0 | E17: cm | J17: =J7 -> 0 | K17: =K7-J7 -> 0 | L17: =L7-K7 -> 0 | M17: =M7-L7 -> 0 | N17: =N7-M7 -> 0 | O17: =O7-N7 -> 0 | P17: =P7-O7 -> 0 | Q17: =Q7-P7 -> 0 | R17: =R7-Q7 -> 0 | ... X17: =X7-W7 -> 0 | AC17: 0 | AD17: =$AD$5 -> 0.25 | AE17: 0 | AF17: =+AD17+($D$15/100) -> 0.25 | AG17: 0 | AH17: =+AF17+($D$15/100) -> 0.25 | AI17: 0 | AJ17: =+AH17+($D$15/100) -> 0.25 | AK17: 0 | AL17: =+AJ17+($D$15/100) -> 0.25 | AM17: 0 | AN17: =+AL17+($D$15/100) -> 0.25
B18: COEFICIENTE DE VARIACIÓN | D18: =IF(SUM(G6:G13)=0,0,AVERAGE(G6:G13)) -> 0 | J18: =J8 -> 0 | K18: =K8-J8 -> 0 | L18: =L8-K8 -> 0 | M18: =M8-L8 -> 0 | N18: =N8-M8 -> 0 | O18: =O8-N8 -> 0 | P18: =P8-O8 -> 0 | Q18: =Q8-P8 -> 0 | R18: =R8-Q8 -> 0 | ... X18: =X8-W8 -> 0
J19: =J9 -> 0 | K19: =K9-J9 -> 0 | L19: =L9-K9 -> 0 | M19: =M9-L9 -> 0 | N19: =N9-M9 -> 0 | O19: =O9-N9 -> 0 | P19: =P9-O9 -> 0 | Q19: =Q9-P9 -> 0 | R19: =R9-Q9 -> 0 | ... X19: =X9-W9 -> 0 | AC19: DISTANCIAMIENTO ENTRE PLANTAS IDEAL-DATOS ORIGEN GRAFICO
B20: Distribución espacial | J20: =J10 -> 0 | K20: =K10-J10 -> 0 | L20: =L10-K10 -> 0 | M20: =M10-L10 -> 0 | N20: =N10-M10 -> 0 | O20: =O10-N10 -> 0 | P20: =P10-O10 -> 0 | Q20: =Q10-P10 -> 0 | R20: =R10-Q10 -> 0 | ... X20: =X10-W10 -> 0 | AC20: =100/(AI23/(100*(100/($D$15/100)))) -> #DIV/0! | AD20: =+$AC$20*J5 -> #DIV/0! | AE20: =+$AC$20*K5 -> #DIV/0! | AF20: =+$AC$20*L5 -> #DIV/0! | AG20: =+$AC$20*M5 -> #DIV/0! | AH20: =+$AC$20*N5 -> #DIV/0! | AI20: =+$AC$20*O5 -> #DIV/0! | AJ20: =+$AC$20*P5 -> #DIV/0! | AK20: =+$AC$20*Q5 -> #DIV/0! | ... AQ20: =+$AC$20*W5 -> #DIV/0!
J21: =J11 -> 0 | K21: =K11-J11 -> 0 | L21: =L11-K11 -> 0 | M21: =M11-L11 -> 0 | N21: =N11-M11 -> 0 | O21: =O11-N11 -> 0 | P21: =P11-O11 -> 0 | Q21: =Q11-P11 -> 0 | R21: =R11-Q11 -> 0 | ... X21: =X11-W11 -> 0 | AC21: =+$AN$5+($D$15/100) -> 0.25 | AD21: =+$AN$5+($D$15/100) -> 0.25 | AE21: =+$AN$5+($D$15/100) -> 0.25 | AF21: =+$AN$5+($D$15/100) -> 0.25 | AG21: =+$AN$5+($D$15/100) -> 0.25 | AH21: =+$AN$5+($D$15/100) -> 0.25 | AI21: =+$AN$5+($D$15/100) -> 0.25 | AJ21: =+$AN$5+($D$15/100) -> 0.25 | ... AQ21: =+$AN$5+($D$15/100) -> 0.25
AC23: PL/HA-DATO ORIGEN GRAFICO= | AI23: =IF(B7="",D16,B7) -> 0
AC26: Densidad de siembra | AH26: =B7 -> 0
AC27: Distancia entre surcos | AH27: =D15/100 -> 0
AC28: Distancia eq 10 m2 (m) | AH28: =IF(AH27="","",10/AH27) -> #DIV/0!
J29: Observaciones: | AC29: Semillas/m lineal | AH29: =IF(AH27="","",1*(AH26/1000)/AH28) -> #DIV/0!
AC30: Distancia e/semillas(cm) | AH30: =IF(AH29="","",1/AH29*100) -> #DIV/0!
AC32: Doble (cm) | AH32: =IF(AH30="","",3) -> #DIV/0!
AC33: Fallo (cm) | AH33: =IF(AH27="","",2*AH30) -> #DIV/0!
AC34: Aceptable

Sheet L16
B1: RECUENTOS POR LOTE - MAIZ | AC1: Distanciamiento entre plantas- DATOS DE ORIGEN GRAFICO
B2: Establecimiento: | F2: Fecha: | K2: Estado Fenológico:
AC3: Sector 1 | AG3: Sector 2 | AK3: Sector 3
B4: Potrero: | D4: Dist.med. | E4: Plantas | F4: Desvío | G4: C.V. | H4: Distancias acumuladas entre plantas | AC4: S 1 | AE4: S 2 | AG4: S 1 | AI4: S 2 | AK4: S 1 | AM4: S 2
B5: Sitio: | D5: cm | E5: por ha | F5: plant.cm | J5: 2 | K5: 3 | L5: 4 | M5: 5 | N5: 6 | O5: 7 | P5: 8 | Q5: 9 | R5: 10 | S5: 11 | T5: 12 | U5: 13 | V5: 14 | W5: 15 | X5: 16 | AC5: {=TRANSPOSE(J6:X6)} -> 0 | AD5: 0.25 | AE5: {=TRANSPOSE(J7:X7)} -> 0 | AF5: =+AD5+($D$15/100) -> 0.25 | AG5: {=TRANSPOSE(J8:X8)} -> 0 | AH5: =+AF5+($D$15/100) -> 0.25 | AI5: {=TRANSPOSE(J9:X9)} -> 0 | AJ5: =+AH5+($D$15/100) -> 0.25 | AK5: {=TRANSPOSE(J10:X10)} -> 0 | AL5: =+AJ5+($D$15/100) -> 0.25 | AM5: {=TRANSPOSE(J11:X11)} -> 0 | AN5: =+AL5+($D$15/100) -> 0.25
B6: Densidad de Siembra: | D6: =IF(SUM(J16:X16)=0,0,AVERAGE(J16:X16)) -> 0 | E6: =IF(D6=0,"",100/D6/$D$15*100*10000) | F6: =IF(D6=0,"",STDEV(J16:X16)) | G6: =IF(F6="","",F6/D6) | H6: Sector 1 | I6: Surco 1 | AC6: 0 | AD6: =$AD$5 -> 0.25 | AE6: 0 | AF6: =+AD6+($D$15/100) -> 0.25 | AG6: 0 | AH6: =+AF6+($D$15/100) -> 0.25 | AI6: 0 | AJ6: =+AH6+($D$15/100) -> 0.25 | AK6: 0 | AL6: =+AJ6+($D$15/100) -> 0.25 | AM6: 0 | AN6: =+AL6+($D$15/100) -> 0.25
C7: sem/ha | D7: =IF(SUM(J17:X17)=0,0,AVERAGE(J17:X17)) -> 0 | E7: =IF(D7=0,"",100/D7/$D$15*100*10000) | F7: =IF(D7=0,"",STDEV(J17:X17)) | G7: =IF(F7="","",F7/D7) | I7: Surco 2 | AC7: 0 | AD7: =$AD$5 -> 0.25 | AE7: 0 | AF7: =+AD7+($D$15/100) -> 0.25 | AG7: 0 | AH7: =+AF7+($D$15/100) -> 0.25 | AI7: 0 | AJ7: =+AH7+($D$15/100) -> 0.25 | AK7: 0 | AL7: =+AJ7+($D$15/100) -> 0.25 | AM7: 0 | AN7: =+AL7+($D$15/100) -> 0.25
B8: Antecesor: | D8: =IF(SUM(J18:X18)=0,0,AVERAGE(J18:X18)) -> 0 | E8: =IF(D8=0,"",100/D8/$D$15*100*10000) | F8: =IF(D8=0,"",STDEV(J18:X18)) | G8: =IF(F8="","",F8/D8) | H8: Sector 2 | I8: Surco 1 | AC8: 0 | AD8: =$AD$5 -> 0.25 | AE8: 0 | AF8: =+AD8+($D$15/100) -> 0.25 | AG8: 0 | AH8: =+AF8+($D$15/100) -> 0.25 | AI8: 0 | AJ8: =+AH8+($D$15/100) -> 0.25 | AK8: 0 | AL8: =+AJ8+($D$15/100) -> 0.25 | AM8: 0 | AN8: =+AL8+($D$15/100) -> 0.25
D9: =IF(SUM(J19:X19)=0,0,AVERAGE(J19:X19)) -> 0 | E9: =IF(D9=0,"",100/D9/$D$15*100*10000) | F9: =IF(D9=0,"",STDEV(J19:X19)) | G9: =IF(F9="","",F9/D9) | I9: Surco 2 | AC9: 0 | AD9: =$AD$5 -> 0.25 | AE9: 0 | AF9: =+AD9+($D$15/100) -> 0.25 | AG9: 0 | AH9: =+AF9+($D$15/100) -> 0.25 | AI9: 0 | AJ9: =+AH9+($D$15/100) -> 0.25 | AK9: 0 | AL9: =+AJ9+($D$15/100) -> 0.25 | AM9: 0 | AN9: =+AL9+($D$15/100) -> 0.25
B10: Nombre Contratista: | D10: =IF(SUM(J20:X20)=0,0,AVERAGE(J20:X20)) -> 0 | E10: =IF(D10=0,"",100/D10/$D$15*100*10000) | F10: =IF(D10=0,"",STDEV(J20:X20)) | G10: =IF(F10="","",F10/D10) | H10: Sector 3 | I10: Surco 1 | AC10: 0 | AD10: =$AD$5 -> 0.25 | AE10: 0 | AF10: =+AD10+($D$15/100) -> 0.25 | AG10: 0 | AH10: =+AF10+($D$15/100) -> 0.25 | AI10: 0 | AJ10: =+AH10+($D$15/100) -> 0.25 | AK10: 0 | AL10: =+AJ10+($D$15/100) -> 0.25 | AM10: 0 | AN10: =+AL10+($D$15/100) -> 0.25
D11: =IF(SUM(J21:X21)=0,0,AVERAGE(J21:X21)) -> 0 | E11: =IF(D11=0,"",100/D11/$D$15*100*10000) | F11: =IF(D11=0,"",STDEV(J21:X21)) | G11: =IF(F11="","",F11/D11) | I11: Surco 2 | AC11: 0 | AD11: =$AD$5 -> 0.25 | AE11: 0 | AF11: =+AD11+($D$15/100) -> 0.25 | AG11: 0 | AH11: =+AF11+($D$15/100) -> 0.25 | AI11: 0 | AJ11: =+AH11+($D$15/100) -> 0.25 | AK11: 0 | AL11: =+AJ11+($D$15/100) -> 0.25 | AM11: 0 | AN11: =+AL11+($D$15/100) -> 0.25
B12: Sembradora: | AC12: 0 | AD12: =$AD$5 -> 0.25 | AE12: 0 | AF12: =+AD12+($D$15/100) -> 0.25 | AG12: 0 | AH12: =+AF12+($D$15/100) -> 0.25 | AI12: 0 | AJ12: =+AH12+($D$15/100) -> 0.25 | AK12: 0 | AL12: =+AJ12+($D$15/100) -> 0.25 | AM12: 0 | AN12: =+AL12+($D$15/100) -> 0.25
AC13: 0 | AD13: =$AD$5 -> 0.25 | AE13: 0 | AF13: =+AD13+($D$15/100) -> 0.25 | AG13: 0 | AH13: =+AF13+($D$15/100) -> 0.25 | AI13: 0 | AJ13: =+AH13+($D$15/100) -> 0.25 | AK13: 0 | AL13: =+AJ13+($D$15/100) -> 0.25 | AM13: 0 | AN13: =+AL13+($D$15/100) -> 0.25
D14: =IF(COUNTIF(D6:D13,">0"),SUM(D6:D13)/COUNTIF(D6:D13,">0"),"") | J14: Distancia entre plantas | AC14: 0 | AD14: =$AD$5 -> 0.25 | AE14: 0 | AF14: =+AD14+($D$15/100) -> 0.25 | AG14: 0 | AH14: =+AF14+($D$15/100) -> 0.25 | AI14: 0 | AJ14: =+AH14+($D$15/100) -> 0.25 | AK14: 0 | AL14: =+AJ14+($D$15/100) -> 0.25 | AM14: 0 | AN14: =+AL14+($D$15/100) -> 0.25
B15: Distancia e/surcos (cm) | E15: cm | F15: % Logro | J15: 1-2 | K15: 2-3 | L15: 3-4 | M15: 4-5 | N15: 5-6 | O15: 6-7 | P15: 7-8 | Q15: 8-9 | R15: 9-10 | S15: 10-11 | T15: 11-12 | U15: 12-13 | V15: 13-14 | W15: 14-15 | X15: 15-16 | AC15: 0 | AD15: =$AD$5 -> 0.25 | AE15: 0 | AF15: =+AD15+($D$15/100) -> 0.25 | AG15: 0 | AH15: =+AF15+($D$15/100) -> 0.25 | AI15: 0 | AJ15: =+AH15+($D$15/100) -> 0.25 | AK15: 0 | AL15: =+AJ15+($D$15/100) -> 0.25 | AM15: 0 | AN15: =+AL15+($D$15/100) -> 0.25
B16: Logro promedio de plantas | D16: =IF(SUM(E6:E13)=0,0,AVERAGE(E6:E13)) -> 0 | E16: ptas./ha | F16: =+IF(B7="","",D16/B7*100) | J16: =J6 -> 0 | K16: =K6-J6 -> 0 | L16: =L6-K6 -> 0 | M16: =M6-L6 -> 0 | N16: =N6-M6 -> 0 | O16: =O6-N6 -> 0 | P16: =P6-O6 -> 0 | Q16: =Q6-P6 -> 0 | R16: =R6-Q6 -> 0 | ... X16: =X6-W6 -> 0 | AC16: 0 | AD16: =$AD$5 -> 0.25 | AE16: 0 | AF16: =+AD16+($D$15/100) -> 0.25 | AG16: 0 | AH16: =+AF16+($D$15/100) -> 0.25 | AI16: 0 | AJ16: =+AH16+($D$15/100) -> 0.25 | AK16: 0 | AL16: =+AJ16+($D$15/100) -> 0.25 | AM16: 0 | AN16: =+AL16+($D$15/100) -> 0.25
B17: Desvío uniformidad planteo | D17: =IF(SUM(F6:F13)=0,0,AVERAGE(F6:F13)) -> 0 | E17: cm | J17: =J7 -> 0 | K17: =K7-J7 -> 0 | L17: =L7-K7 -> 0 | M17: =M7-L7 -> 0 | N17: =N7-M7 -> 0 | O17: =O7-N7 -> 0 | P17: =P7-O7 -> 0 | Q17: =Q7-P7 -> 0 | R17: =R7-Q7 -> 0 | ... X17: =X7-W7 -> 0 | AC17: 0 | AD17: =$AD$5 -> 0.25 | AE17: 0 | AF17: =+AD17+($D$15/100) -> 0.25 | AG17: 0 | AH17: =+AF17+($D$15/100) -> 0.25 | AI17: 0 | AJ17: =+AH17+($D$15/100) -> 0.25 | AK17: 0 | AL17: =+AJ17+($D$15/100) -> 0.25 | AM17: 0 | AN17: =+AL17+($D$15/100) -> 0.25
B18: COEFICIENTE DE VARIACIÓN | D18: =IF(SUM(G6:G13)=0,0,AVERAGE(G6:G13)) -> 0 | J18: =J8 -> 0 | K18: =K8-J8 -> 0 | L18: =L8-K8 -> 0 | M18: =M8-L8 -> 0 | N18: =N8-M8 -> 0 | O18: =O8-N8 -> 0 | P18: =P8-O8 -> 0 | Q18: =Q8-P8 -> 0 | R18: =R8-Q8 -> 0 | ... X18: =X8-W8 -> 0
J19: =J9 -> 0 | K19: =K9-J9 -> 0 | L19: =L9-K9 -> 0 | M19: =M9-L9 -> 0 | N19: =N9-M9 -> 0 | O19: =O9-N9 -> 0 | P19: =P9-O9 -> 0 | Q19: =Q9-P9 -> 0 | R19: =R9-Q9 -> 0 | ... X19: =X9-W9 -> 0 | AC19: DISTANCIAMIENTO ENTRE PLANTAS IDEAL-DATOS ORIGEN GRAFICO
B20: Distribución espacial | J20: =J10 -> 0 | K20: =K10-J10 -> 0 | L20: =L10-K10 -> 0 | M20: =M10-L10 -> 0 | N20: =N10-M10 -> 0 | O20: =O10-N10 -> 0 | P20: =P10-O10 -> 0 | Q20: =Q10-P10 -> 0 | R20: =R10-Q10 -> 0 | ... X20: =X10-W10 -> 0 | AC20: =100/(AI23/(100*(100/($D$15/100)))) -> #DIV/0! | AD20: =+$AC$20*J5 -> #DIV/0! | AE20: =+$AC$20*K5 -> #DIV/0! | AF20: =+$AC$20*L5 -> #DIV/0! | AG20: =+$AC$20*M5 -> #DIV/0! | AH20: =+$AC$20*N5 -> #DIV/0! | AI20: =+$AC$20*O5 -> #DIV/0! | AJ20: =+$AC$20*P5 -> #DIV/0! | AK20: =+$AC$20*Q5 -> #DIV/0! | ... AQ20: =+$AC$20*W5 -> #DIV/0!
J21: =J11 -> 0 | K21: =K11-J11 -> 0 | L21: =L11-K11 -> 0 | M21: =M11-L11 -> 0 | N21: =N11-M11 -> 0 | O21: =O11-N11 -> 0 | P21: =P11-O11 -> 0 | Q21: =Q11-P11 -> 0 | R21: =R11-Q11 -> 0 | ... X21: =X11-W11 -> 0 | AC21: =+$AN$5+($D$15/100) -> 0.25 | AD21: =+$AN$5+($D$15/100) -> 0.25 | AE21: =+$AN$5+($D$15/100) -> 0.25 | AF21: =+$AN$5+($D$15/100) -> 0.25 | AG21: =+$AN$5+($D$15/100) -> 0.25 | AH21: =+$AN$5+($D$15/100) -> 0.25 | AI21: =+$AN$5+($D$15/100) -> 0.25 | AJ21: =+$AN$5+($D$15/100) -> 0.25 | ... AQ21: =+$AN$5+($D$15/100) -> 0.25
AC23: PL/HA-DATO ORIGEN GRAFICO= | AI23: =IF(B7="",D16,B7) -> 0
AC26: Densidad de siembra | AH26: =B7 -> 0
AC27: Distancia entre surcos | AH27: =D15/100 -> 0
AC28: Distancia eq 10 m2 (m) | AH28: =IF(AH27="","",10/AH27) -> #DIV/0!
J29: Observaciones: | AC29: Semillas/m lineal | AH29: =IF(AH27="","",1*(AH26/1000)/AH28) -> #DIV/0!
AC30: Distancia e/semillas(cm) | AH30: =IF(AH29="","",1/AH29*100) -> #DIV/0!
AC32: Doble (cm) | AH32: =IF(AH30="","",3) -> #DIV/0!
AC33: Fallo (cm) | AH33: =IF(AH27="","",2*AH30) -> #DIV/0!
AC34: Aceptable

Sheet L17
B1: RECUENTOS POR LOTE - MAIZ | AC1: Distanciamiento entre plantas- DATOS DE ORIGEN GRAFICO
B2: Establecimiento: | F2: Fecha: | K2: Estado Fenológico:
AC3: Sector 1 | AG3: Sector 2 | AK3: Sector 3
B4: Potrero: | D4: Dist.med. | E4: Plantas | F4: Desvío | G4: C.V. | H4: Distancias acumuladas entre plantas | AC4: S 1 | AE4: S 2 | AG4: S 1 | AI4: S 2 | AK4: S 1 | AM4: S 2
B5: Sitio: | D5: cm | E5: por ha | F5: plant.cm | J5: 2 | K5: 3 | L5: 4 | M5: 5 | N5: 6 | O5: 7 | P5: 8 | Q5: 9 | R5: 10 | S5: 11 | T5: 12 | U5: 13 | V5: 14 | W5: 15 | X5: 16 | AC5: {=TRANSPOSE(J6:X6)} -> 0 | AD5: 0.25 | AE5: {=TRANSPOSE(J7:X7)} -> 0 | AF5: =+AD5+($D$15/100) -> 0.25 | AG5: {=TRANSPOSE(J8:X8)} -> 0 | AH5: =+AF5+($D$15/100) -> 0.25 | AI5: {=TRANSPOSE(J9:X9)} -> 0 | AJ5: =+AH5+($D$15/100) -> 0.25 | AK5: {=TRANSPOSE(J10:X10)} -> 0 | AL5: =+AJ5+($D$15/100) -> 0.25 | AM5: {=TRANSPOSE(J11:X11)} -> 0 | AN5: =+AL5+($D$15/100) -> 0.25
B6: Densidad de Siembra: | D6: =IF(SUM(J16:X16)=0,0,AVERAGE(J16:X16)) -> 0 | E6: =IF(D6=0,"",100/D6/$D$15*100*10000) | F6: =IF(D6=0,"",STDEV(J16:X16)) | G6: =IF(F6="","",F6/D6) | H6: Sector 1 | I6: Surco 1 | AC6: 0 | AD6: =$AD$5 -> 0.25 | AE6: 0 | AF6: =+AD6+($D$15/100) -> 0.25 | AG6: 0 | AH6: =+AF6+($D$15/100) -> 0.25 | AI6: 0 | AJ6: =+AH6+($D$15/100) -> 0.25 | AK6: 0 | AL6: =+AJ6+($D$15/100) -> 0.25 | AM6: 0 | AN6: =+AL6+($D$15/100) -> 0.25
C7: sem/ha | D7: =IF(SUM(J17:X17)=0,0,AVERAGE(J17:X17)) -> 0 | E7: =IF(D7=0,"",100/D7/$D$15*100*10000) | F7: =IF(D7=0,"",STDEV(J17:X17)) | G7: =IF(F7="","",F7/D7) | I7: Surco 2 | AC7: 0 | AD7: =$AD$5 -> 0.25 | AE7: 0 | AF7: =+AD7+($D$15/100) -> 0.25 | AG7: 0 | AH7: =+AF7+($D$15/100) -> 0.25 | AI7: 0 | AJ7: =+AH7+($D$15/100) -> 0.25 | AK7: 0 | AL7: =+AJ7+($D$15/100) -> 0.25 | AM7: 0 | AN7: =+AL7+($D$15/100) -> 0.25
B8: Antecesor: | D8: =IF(SUM(J18:X18)=0,0,AVERAGE(J18:X18)) -> 0 | E8: =IF(D8=0,"",100/D8/$D$15*100*10000) | F8: =IF(D8=0,"",STDEV(J18:X18)) | G8: =IF(F8="","",F8/D8) | H8: Sector 2 | I8: Surco 1 | AC8: 0 | AD8: =$AD$5 -> 0.25 | AE8: 0 | AF8: =+AD8+($D$15/100) -> 0.25 | AG8: 0 | AH8: =+AF8+($D$15/100) -> 0.25 | AI8: 0 | AJ8: =+AH8+($D$15/100) -> 0.25 | AK8: 0 | AL8: =+AJ8+($D$15/100) -> 0.25 | AM8: 0 | AN8: =+AL8+($D$15/100) -> 0.25
D9: =IF(SUM(J19:X19)=0,0,AVERAGE(J19:X19)) -> 0 | E9: =IF(D9=0,"",100/D9/$D$15*100*10000) | F9: =IF(D9=0,"",STDEV(J19:X19)) | G9: =IF(F9="","",F9/D9) | I9: Surco 2 | AC9: 0 | AD9: =$AD$5 -> 0.25 | AE9: 0 | AF9: =+AD9+($D$15/100) -> 0.25 | AG9: 0 | AH9: =+AF9+($D$15/100) -> 0.25 | AI9: 0 | AJ9: =+AH9+($D$15/100) -> 0.25 | AK9: 0 | AL9: =+AJ9+($D$15/100) -> 0.25 | AM9: 0 | AN9: =+AL9+($D$15/100) -> 0.25
B10: Nombre Contratista: | D10: =IF(SUM(J20:X20)=0,0,AVERAGE(J20:X20)) -> 0 | E10: =IF(D10=0,"",100/D10/$D$15*100*10000) | F10: =IF(D10=0,"",STDEV(J20:X20)) | G10: =IF(F10="","",F10/D10) | H10: Sector 3 | I10: Surco 1 | AC10: 0 | AD10: =$AD$5 -> 0.25 | AE10: 0 | AF10: =+AD10+($D$15/100) -> 0.25 | AG10: 0 | AH10: =+AF10+($D$15/100) -> 0.25 | AI10: 0 | AJ10: =+AH10+($D$15/100) -> 0.25 | AK10: 0 | AL10: =+AJ10+($D$15/100) -> 0.25 | AM10: 0 | AN10: =+AL10+($D$15/100) -> 0.25
D11: =IF(SUM(J21:X21)=0,0,AVERAGE(J21:X21)) -> 0 | E11: =IF(D11=0,"",100/D11/$D$15*100*10000) | F11: =IF(D11=0,"",STDEV(J21:X21)) | G11: =IF(F11="","",F11/D11) | I11: Surco 2 | AC11: 0 | AD11: =$AD$5 -> 0.25 | AE11: 0 | AF11: =+AD11+($D$15/100) -> 0.25 | AG11: 0 | AH11: =+AF11+($D$15/100) -> 0.25 | AI11: 0 | AJ11: =+AH11+($D$15/100) -> 0.25 | AK11: 0 | AL11: =+AJ11+($D$15/100) -> 0.25 | AM11: 0 | AN11: =+AL11+($D$15/100) -> 0.25
B12: Sembradora: | AC12: 0 | AD12: =$AD$5 -> 0.25 | AE12: 0 | AF12: =+AD12+($D$15/100) -> 0.25 | AG12: 0 | AH12: =+AF12+($D$15/100) -> 0.25 | AI12: 0 | AJ12: =+AH12+($D$15/100) -> 0.25 | AK12: 0 | AL12: =+AJ12+($D$15/100) -> 0.25 | AM12: 0 | AN12: =+AL12+($D$15/100) -> 0.25
AC13: 0 | AD13: =$AD$5 -> 0.25 | AE13: 0 | AF13: =+AD13+($D$15/100) -> 0.25 | AG13: 0 | AH13: =+AF13+($D$15/100) -> 0.25 | AI13: 0 | AJ13: =+AH13+($D$15/100) -> 0.25 | AK13: 0 | AL13: =+AJ13+($D$15/100) -> 0.25 | AM13: 0 | AN13: =+AL13+($D$15/100) -> 0.25
D14: =IF(COUNTIF(D6:D13,">0"),SUM(D6:D13)/COUNTIF(D6:D13,">0"),"") | J14: Distancia entre plantas | AC14: 0 | AD14: =$AD$5 -> 0.25 | AE14: 0 | AF14: =+AD14+($D$15/100) -> 0.25 | AG14: 0 | AH14: =+AF14+($D$15/100) -> 0.25 | AI14: 0 | AJ14: =+AH14+($D$15/100) -> 0.25 | AK14: 0 | AL14: =+AJ14+($D$15/100) -> 0.25 | AM14: 0 | AN14: =+AL14+($D$15/100) -> 0.25
B15: Distancia e/surcos (cm) | E15: cm | F15: % Logro | J15: 1-2 | K15: 2-3 | L15: 3-4 | M15: 4-5 | N15: 5-6 | O15: 6-7 | P15: 7-8 | Q15: 8-9 | R15: 9-10 | S15: 10-11 | T15: 11-12 | U15: 12-13 | V15: 13-14 | W15: 14-15 | X15: 15-16 | AC15: 0 | AD15: =$AD$5 -> 0.25 | AE15: 0 | AF15: =+AD15+($D$15/100) -> 0.25 | AG15: 0 | AH15: =+AF15+($D$15/100) -> 0.25 | AI15: 0 | AJ15: =+AH15+($D$15/100) -> 0.25 | AK15: 0 | AL15: =+AJ15+($D$15/100) -> 0.25 | AM15: 0 | AN15: =+AL15+($D$15/100) -> 0.25
B16: Logro promedio de plantas | D16: =IF(SUM(E6:E13)=0,0,AVERAGE(E6:E13)) -> 0 | E16: ptas./ha | F16: =+IF(B7="","",D16/B7*100) | J16: =J6 -> 0 | K16: =K6-J6 -> 0 | L16: =L6-K6 -> 0 | M16: =M6-L6 -> 0 | N16: =N6-M6 -> 0 | O16: =O6-N6 -> 0 | P16: =P6-O6 -> 0 | Q16: =Q6-P6 -> 0 | R16: =R6-Q6 -> 0 | ... X16: =X6-W6 -> 0 | AC16: 0 | AD16: =$AD$5 -> 0.25 | AE16: 0 | AF16: =+AD16+($D$15/100) -> 0.25 | AG16: 0 | AH16: =+AF16+($D$15/100) -> 0.25 | AI16: 0 | AJ16: =+AH16+($D$15/100) -> 0.25 | AK16: 0 | AL16: =+AJ16+($D$15/100) -> 0.25 | AM16: 0 | AN16: =+AL16+($D$15/100) -> 0.25
B17: Desvío uniformidad planteo | D17: =IF(SUM(F6:F13)=0,0,AVERAGE(F6:F13)) -> 0 | E17: cm | J17: =J7 -> 0 | K17: =K7-J7 -> 0 | L17: =L7-K7 -> 0 | M17: =M7-L7 -> 0 | N17: =N7-M7 -> 0 | O17: =O7-N7 -> 0 | P17: =P7-O7 -> 0 | Q17: =Q7-P7 -> 0 | R17: =R7-Q7 -> 0 | ... X17: =X7-W7 -> 0 | AC17: 0 | AD17: =$AD$5 -> 0.25 | AE17: 0 | AF17: =+AD17+($D$15/100) -> 0.25 | AG17: 0 | AH17: =+AF17+($D$15/100) -> 0.25 | AI17: 0 | AJ17: =+AH17+($D$15/100) -> 0.25 | AK17: 0 | AL17: =+AJ17+($D$15/100) -> 0.25 | AM17: 0 | AN17: =+AL17+($D$15/100) -> 0.25
B18: COEFICIENTE DE VARIACIÓN | D18: =IF(SUM(G6:G13)=0,0,AVERAGE(G6:G13)) -> 0 | J18: =J8 -> 0 | K18: =K8-J8 -> 0 | L18: =L8-K8 -> 0 | M18: =M8-L8 -> 0 | N18: =N8-M8 -> 0 | O18: =O8-N8 -> 0 | P18: =P8-O8 -> 0 | Q18: =Q8-P8 -> 0 | R18: =R8-Q8 -> 0 | ... X18: =X8-W8 -> 0
J19: =J9 -> 0 | K19: =K9-J9 -> 0 | L19: =L9-K9 -> 0 | M19: =M9-L9 -> 0 | N19: =N9-M9 -> 0 | O19: =O9-N9 -> 0 | P19: =P9-O9 -> 0 | Q19: =Q9-P9 -> 0 | R19: =R9-Q9 -> 0 | ... X19: =X9-W9 -> 0 | AC19: DISTANCIAMIENTO ENTRE PLANTAS IDEAL-DATOS ORIGEN GRAFICO
B20: Distribución espacial | J20: =J10 -> 0 | K20: =K10-J10 -> 0 | L20: =L10-K10 -> 0 | M20: =M10-L10 -> 0 | N20: =N10-M10 -> 0 | O20: =O10-N10 -> 0 | P20: =P10-O10 -> 0 | Q20: =Q10-P10 -> 0 | R20: =R10-Q10 -> 0 | ... X20: =X10-W10 -> 0 | AC20: =100/(AI23/(100*(100/($D$15/100)))) -> #DIV/0! | AD20: =+$AC$20*J5 -> #DIV/0! | AE20: =+$AC$20*K5 -> #DIV/0! | AF20: =+$AC$20*L5 -> #DIV/0! | AG20: =+$AC$20*M5 -> #DIV/0! | AH20: =+$AC$20*N5 -> #DIV/0! | AI20: =+$AC$20*O5 -> #DIV/0! | AJ20: =+$AC$20*P5 -> #DIV/0! | AK20: =+$AC$20*Q5 -> #DIV/0! | ... AQ20: =+$AC$20*W5 -> #DIV/0!
J21: =J11 -> 0 | K21: =K11-J11 -> 0 | L21: =L11-K11 -> 0 | M21: =M11-L11 -> 0 | N21: =N11-M11 -> 0 | O21: =O11-N11 -> 0 | P21: =P11-O11 -> 0 | Q21: =Q11-P11 -> 0 | R21: =R11-Q11 -> 0 | ... X21: =X11-W11 -> 0 | AC21: =+$AN$5+($D$15/100) -> 0.25 | AD21: =+$AN$5+($D$15/100) -> 0.25 | AE21: =+$AN$5+($D$15/100) -> 0.25 | AF21: =+$AN$5+($D$15/100) -> 0.25 | AG21: =+$AN$5+($D$15/100) -> 0.25 | AH21: =+$AN$5+($D$15/100) -> 0.25 | AI21: =+$AN$5+($D$15/100) -> 0.25 | AJ21: =+$AN$5+($D$15/100) -> 0.25 | ... AQ21: =+$AN$5+($D$15/100) -> 0.25
AC23: PL/HA-DATO ORIGEN GRAFICO= | AI23: =IF(B7="",D16,B7) -> 0
AC26: Densidad de siembra | AH26: =B7 -> 0
AC27: Distancia entre surcos | AH27: =D15/100 -> 0
AC28: Distancia eq 10 m2 (m) | AH28: =IF(AH27="","",10/AH27) -> #DIV/0!
J29: Observaciones: | AC29: Semillas/m lineal | AH29: =IF(AH27="","",1*(AH26/1000)/AH28) -> #DIV/0!
AC30: Distancia e/semillas(cm) | AH30: =IF(AH29="","",1/AH29*100) -> #DIV/0!
AC32: Doble (cm) | AH32: =IF(AH30="","",3) -> #DIV/0!
AC33: Fallo (cm) | AH33: =IF(AH27="","",2*AH30) -> #DIV/0!
AC34: Aceptable

Sheet L18
B1: RECUENTOS POR LOTE - MAIZ | AC1: Distanciamiento entre plantas- DATOS DE ORIGEN GRAFICO
B2: Establecimiento: | F2: Fecha: | K2: Estado Fenológico:
AC3: Sector 1 | AG3: Sector 2 | AK3: Sector 3
B4: Potrero: | D4: Dist.med. | E4: Plantas | F4: Desvío | G4: C.V. | H4: Distancias acumuladas entre plantas | AC4: S 1 | AE4: S 2 | AG4: S 1 | AI4: S 2 | AK4: S 1 | AM4: S 2
B5: Sitio: | D5: cm | E5: por ha | F5: plant.cm | J5: 2 | K5: 3 | L5: 4 | M5: 5 | N5: 6 | O5: 7 | P5: 8 | Q5: 9 | R5: 10 | S5: 11 | T5: 12 | U5: 13 | V5: 14 | W5: 15 | X5: 16 | AC5: {=TRANSPOSE(J6:X6)} -> 0 | AD5: 0.25 | AE5: {=TRANSPOSE(J7:X7)} -> 0 | AF5: =+AD5+($D$15/100) -> 0.25 | AG5: {=TRANSPOSE(J8:X8)} -> 0 | AH5: =+AF5+($D$15/100) -> 0.25 | AI5: {=TRANSPOSE(J9:X9)} -> 0 | AJ5: =+AH5+($D$15/100) -> 0.25 | AK5: {=TRANSPOSE(J10:X10)} -> 0 | AL5: =+AJ5+($D$15/100) -> 0.25 | AM5: {=TRANSPOSE(J11:X11)} -> 0 | AN5: =+AL5+($D$15/100) -> 0.25
B6: Densidad de Siembra: | D6: =IF(SUM(J16:X16)=0,0,AVERAGE(J16:X16)) -> 0 | E6: =IF(D6=0,"",100/D6/$D$15*100*10000) | F6: =IF(D6=0,"",STDEV(J16:X16)) | G6: =IF(F6="","",F6/D6) | H6: Sector 1 | I6: Surco 1 | AC6: 0 | AD6: =$AD$5 -> 0.25 | AE6: 0 | AF6: =+AD6+($D$15/100) -> 0.25 | AG6: 0 | AH6: =+AF6+($D$15/100) -> 0.25 | AI6: 0 | AJ6: =+AH6+($D$15/100) -> 0.25 | AK6: 0 | AL6: =+AJ6+($D$15/100) -> 0.25 | AM6: 0 | AN6: =+AL6+($D$15/100) -> 0.25
C7: sem/ha | D7: =IF(SUM(J17:X17)=0,0,AVERAGE(J17:X17)) -> 0 | E7: =IF(D7=0,"",100/D7/$D$15*100*10000) | F7: =IF(D7=0,"",STDEV(J17:X17)) | G7: =IF(F7="","",F7/D7) | I7: Surco 2 | AC7: 0 | AD7: =$AD$5 -> 0.25 | AE7: 0 | AF7: =+AD7+($D$15/100) -> 0.25 | AG7: 0 | AH7: =+AF7+($D$15/100) -> 0.25 | AI7: 0 | AJ7: =+AH7+($D$15/100) -> 0.25 | AK7: 0 | AL7: =+AJ7+($D$15/100) -> 0.25 | AM7: 0 | AN7: =+AL7+($D$15/100) -> 0.25
B8: Antecesor: | D8: =IF(SUM(J18:X18)=0,0,AVERAGE(J18:X18)) -> 0 | E8: =IF(D8=0,"",100/D8/$D$15*100*10000) | F8: =IF(D8=0,"",STDEV(J18:X18)) | G8: =IF(F8="","",F8/D8) | H8: Sector 2 | I8: Surco 1 | AC8: 0 | AD8: =$AD$5 -> 0.25 | AE8: 0 | AF8: =+AD8+($D$15/100) -> 0.25 | AG8: 0 | AH8: =+AF8+($D$15/100) -> 0.25 | AI8: 0 | AJ8: =+AH8+($D$15/100) -> 0.25 | AK8: 0 | AL8: =+AJ8+($D$15/100) -> 0.25 | AM8: 0 | AN8: =+AL8+($D$15/100) -> 0.25
D9: =IF(SUM(J19:X19)=0,0,AVERAGE(J19:X19)) -> 0 | E9: =IF(D9=0,"",100/D9/$D$15*100*10000) | F9: =IF(D9=0,"",STDEV(J19:X19)) | G9: =IF(F9="","",F9/D9) | I9: Surco 2 | AC9: 0 | AD9: =$AD$5 -> 0.25 | AE9: 0 | AF9: =+AD9+($D$15/100) -> 0.25 | AG9: 0 | AH9: =+AF9+($D$15/100) -> 0.25 | AI9: 0 | AJ9: =+AH9+($D$15/100) -> 0.25 | AK9: 0 | AL9: =+AJ9+($D$15/100) -> 0.25 | AM9: 0 | AN9: =+AL9+($D$15/100) -> 0.25
B10: Nombre Contratista: | D10: =IF(SUM(J20:X20)=0,0,AVERAGE(J20:X20)) -> 0 | E10: =IF(D10=0,"",100/D10/$D$15*100*10000) | F10: =IF(D10=0,"",STDEV(J20:X20)) | G10: =IF(F10="","",F10/D10) | H10: Sector 3 | I10: Surco 1 | AC10: 0 | AD10: =$AD$5 -> 0.25 | AE10: 0 | AF10: =+AD10+($D$15/100) -> 0.25 | AG10: 0 | AH10: =+AF10+($D$15/100) -> 0.25 | AI10: 0 | AJ10: =+AH10+($D$15/100) -> 0.25 | AK10: 0 | AL10: =+AJ10+($D$15/100) -> 0.25 | AM10: 0 | AN10: =+AL10+($D$15/100) -> 0.25
D11: =IF(SUM(J21:X21)=0,0,AVERAGE(J21:X21)) -> 0 | E11: =IF(D11=0,"",100/D11/$D$15*100*10000) | F11: =IF(D11=0,"",STDEV(J21:X21)) | G11: =IF(F11="","",F11/D11) | I11: Surco 2 | AC11: 0 | AD11: =$AD$5 -> 0.25 | AE11: 0 | AF11: =+AD11+($D$15/100) -> 0.25 | AG11: 0 | AH11: =+AF11+($D$15/100) -> 0.25 | AI11: 0 | AJ11: =+AH11+($D$15/100) -> 0.25 | AK11: 0 | AL11: =+AJ11+($D$15/100) -> 0.25 | AM11: 0 | AN11: =+AL11+($D$15/100) -> 0.25
B12: Sembradora: | AC12: 0 | AD12: =$AD$5 -> 0.25 | AE12: 0 | AF12: =+AD12+($D$15/100) -> 0.25 | AG12: 0 | AH12: =+AF12+($D$15/100) -> 0.25 | AI12: 0 | AJ12: =+AH12+($D$15/100) -> 0.25 | AK12: 0 | AL12: =+AJ12+($D$15/100) -> 0.25 | AM12: 0 | AN12: =+AL12+($D$15/100) -> 0.25
AC13: 0 | AD13: =$AD$5 -> 0.25 | AE13: 0 | AF13: =+AD13+($D$15/100) -> 0.25 | AG13: 0 | AH13: =+AF13+($D$15/100) -> 0.25 | AI13: 0 | AJ13: =+AH13+($D$15/100) -> 0.25 | AK13: 0 | AL13: =+AJ13+($D$15/100) -> 0.25 | AM13: 0 | AN13: =+AL13+($D$15/100) -> 0.25
D14: =IF(COUNTIF(D6:D13,">0"),SUM(D6:D13)/COUNTIF(D6:D13,">0"),"") | J14: Distancia entre plantas | AC14: 0 | AD14: =$AD$5 -> 0.25 | AE14: 0 | AF14: =+AD14+($D$15/100) -> 0.25 | AG14: 0 | AH14: =+AF14+($D$15/100) -> 0.25 | AI14: 0 | AJ14: =+AH14+($D$15/100) -> 0.25 | AK14: 0 | AL14: =+AJ14+($D$15/100) -> 0.25 | AM14: 0 | AN14: =+AL14+($D$15/100) -> 0.25
B15: Distancia e/surcos (cm) | E15: cm | F15: % Logro | J15: 1-2 | K15: 2-3 | L15: 3-4 | M15: 4-5 | N15: 5-6 | O15: 6-7 | P15: 7-8 | Q15: 8-9 | R15: 9-10 | S15: 10-11 | T15: 11-12 | U15: 12-13 | V15: 13-14 | W15: 14-15 | X15: 15-16 | AC15: 0 | AD15: =$AD$5 -> 0.25 | AE15: 0 | AF15: =+AD15+($D$15/100) -> 0.25 | AG15: 0 | AH15: =+AF15+($D$15/100) -> 0.25 | AI15: 0 | AJ15: =+AH15+($D$15/100) -> 0.25 | AK15: 0 | AL15: =+AJ15+($D$15/100) -> 0.25 | AM15: 0 | AN15: =+AL15+($D$15/100) -> 0.25
B16: Logro promedio de plantas | D16: =IF(SUM(E6:E13)=0,0,AVERAGE(E6:E13)) -> 0 | E16: ptas./ha | F16: =+IF(B7="","",D16/B7*100) | J16: =J6 -> 0 | K16: =K6-J6 -> 0 | L16: =L6-K6 -> 0 | M16: =M6-L6 -> 0 | N16: =N6-M6 -> 0 | O16: =O6-N6 -> 0 | P16: =P6-O6 -> 0 | Q16: =Q6-P6 -> 0 | R16: =R6-Q6 -> 0 | ... X16: =X6-W6 -> 0 | AC16: 0 | AD16: =$AD$5 -> 0.25 | AE16: 0 | AF16: =+AD16+($D$15/100) -> 0.25 | AG16: 0 | AH16: =+AF16+($D$15/100) -> 0.25 | AI16: 0 | AJ16: =+AH16+($D$15/100) -> 0.25 | AK16: 0 | AL16: =+AJ16+($D$15/100) -> 0.25 | AM16: 0 | AN16: =+AL16+($D$15/100) -> 0.25
B17: Desvío uniformidad planteo | D17: =IF(SUM(F6:F13)=0,0,AVERAGE(F6:F13)) -> 0 | E17: cm | J17: =J7 -> 0 | K17: =K7-J7 -> 0 | L17: =L7-K7 -> 0 | M17: =M7-L7 -> 0 | N17: =N7-M7 -> 0 | O17: =O7-N7 -> 0 | P17: =P7-O7 -> 0 | Q17: =Q7-P7 -> 0 | R17: =R7-Q7 -> 0 | ... X17: =X7-W7 -> 0 | AC17: 0 | AD17: =$AD$5 -> 0.25 | AE17: 0 | AF17: =+AD17+($D$15/100) -> 0.25 | AG17: 0 | AH17: =+AF17+($D$15/100) -> 0.25 | AI17: 0 | AJ17: =+AH17+($D$15/100) -> 0.25 | AK17: 0 | AL17: =+AJ17+($D$15/100) -> 0.25 | AM17: 0 | AN17: =+AL17+($D$15/100) -> 0.25
B18: COEFICIENTE DE VARIACIÓN | D18: =IF(SUM(G6:G13)=0,0,AVERAGE(G6:G13)) -> 0 | J18: =J8 -> 0 | K18: =K8-J8 -> 0 | L18: =L8-K8 -> 0 | M18: =M8-L8 -> 0 | N18: =N8-M8 -> 0 | O18: =O8-N8 -> 0 | P18: =P8-O8 -> 0 | Q18: =Q8-P8 -> 0 | R18: =R8-Q8 -> 0 | ... X18: =X8-W8 -> 0
J19: =J9 -> 0 | K19: =K9-J9 -> 0 | L19: =L9-K9 -> 0 | M19: =M9-L9 -> 0 | N19: =N9-M9 -> 0 | O19: =O9-N9 -> 0 | P19: =P9-O9 -> 0 | Q19: =Q9-P9 -> 0 | R19: =R9-Q9 -> 0 | ... X19: =X9-W9 -> 0 | AC19: DISTANCIAMIENTO ENTRE PLANTAS IDEAL-DATOS ORIGEN GRAFICO
B20: Distribución espacial | J20: =J10 -> 0 | K20: =K10-J10 -> 0 | L20: =L10-K10 -> 0 | M20: =M10-L10 -> 0 | N20: =N10-M10 -> 0 | O20: =O10-N10 -> 0 | P20: =P10-O10 -> 0 | Q20: =Q10-P10 -> 0 | R20: =R10-Q10 -> 0 | ... X20: =X10-W10 -> 0 | AC20: =100/(AI23/(100*(100/($D$15/100)))) -> #DIV/0! | AD20: =+$AC$20*J5 -> #DIV/0! | AE20: =+$AC$20*K5 -> #DIV/0! | AF20: =+$AC$20*L5 -> #DIV/0! | AG20: =+$AC$20*M5 -> #DIV/0! | AH20: =+$AC$20*N5 -> #DIV/0! | AI20: =+$AC$20*O5 -> #DIV/0! | AJ20: =+$AC$20*P5 -> #DIV/0! | AK20: =+$AC$20*Q5 -> #DIV/0! | ... AQ20: =+$AC$20*W5 -> #DIV/0!
J21: =J11 -> 0 | K21: =K11-J11 -> 0 | L21: =L11-K11 -> 0 | M21: =M11-L11 -> 0 | N21: =N11-M11 -> 0 | O21: =O11-N11 -> 0 | P21: =P11-O11 -> 0 | Q21: =Q11-P11 -> 0 | R21: =R11-Q11 -> 0 | ... X21: =X11-W11 -> 0 | AC21: =+$AN$5+($D$15/100) -> 0.25 | AD21: =+$AN$5+($D$15/100) -> 0.25 | AE21: =+$AN$5+($D$15/100) -> 0.25 | AF21: =+$AN$5+($D$15/100) -> 0.25 | AG21: =+$AN$5+($D$15/100) -> 0.25 | AH21: =+$AN$5+($D$15/100) -> 0.25 | AI21: =+$AN$5+($D$15/100) -> 0.25 | AJ21: =+$AN$5+($D$15/100) -> 0.25 | ... AQ21: =+$AN$5+($D$15/100) -> 0.25
AC23: PL/HA-DATO ORIGEN GRAFICO= | AI23: =IF(B7="",D16,B7) -> 0
AC26: Densidad de siembra | AH26: =B7 -> 0
AC27: Distancia entre surcos | AH27: =D15/100 -> 0
AC28: Distancia eq 10 m2 (m) | AH28: =IF(AH27="","",10/AH27) -> #DIV/0!
J29: Observaciones: | AC29: Semillas/m lineal | AH29: =IF(AH27="","",1*(AH26/1000)/AH28) -> #DIV/0!
AC30: Distancia e/semillas(cm) | AH30: =IF(AH29="","",1/AH29*100) -> #DIV/0!
AC32: Doble (cm) | AH32: =IF(AH30="","",3) -> #DIV/0!
AC33: Fallo (cm) | AH33: =IF(AH27="","",2*AH30) -> #DIV/0!
AC34: Aceptable

Sheet L19
B1: RECUENTOS POR LOTE - MAIZ | AC1: Distanciamiento entre plantas- DATOS DE ORIGEN GRAFICO
B2: Establecimiento: | F2: Fecha: | K2: Estado Fenológico:
AC3: Sector 1 | AG3: Sector 2 | AK3: Sector 3
B4: Potrero: | D4: Dist.med. | E4: Plantas | F4: Desvío | G4: C.V. | H4: Distancias acumuladas entre plantas | AC4: S 1 | AE4: S 2 | AG4: S 1 | AI4: S 2 | AK4: S 1 | AM4: S 2
B5: Sitio: | D5: cm | E5: por ha | F5: plant.cm | J5: 2 | K5: 3 | L5: 4 | M5: 5 | N5: 6 | O5: 7 | P5: 8 | Q5: 9 | R5: 10 | S5: 11 | T5: 12 | U5: 13 | V5: 14 | W5: 15 | X5: 16 | AC5: {=TRANSPOSE(J6:X6)} -> 0 | AD5: 0.25 | AE5: {=TRANSPOSE(J7:X7)} -> 0 | AF5: =+AD5+($D$15/100) -> 0.25 | AG5: {=TRANSPOSE(J8:X8)} -> 0 | AH5: =+AF5+($D$15/100) -> 0.25 | AI5: {=TRANSPOSE(J9:X9)} -> 0 | AJ5: =+AH5+($D$15/100) -> 0.25 | AK5: {=TRANSPOSE(J10:X10)} -> 0 | AL5: =+AJ5+($D$15/100) -> 0.25 | AM5: {=TRANSPOSE(J11:X11)} -> 0 | AN5: =+AL5+($D$15/100) -> 0.25
B6: Densidad de Siembra: | D6: =IF(SUM(J16:X16)=0,0,AVERAGE(J16:X16)) -> 0 | E6: =IF(D6=0,"",100/D6/$D$15*100*10000) | F6: =IF(D6=0,"",STDEV(J16:X16)) | G6: =IF(F6="","",F6/D6) | H6: Sector 1 | I6: Surco 1 | AC6: 0 | AD6: =$AD$5 -> 0.25 | AE6: 0 | AF6: =+AD6+($D$15/100) -> 0.25 | AG6: 0 | AH6: =+AF6+($D$15/100) -> 0.25 | AI6: 0 | AJ6: =+AH6+($D$15/100) -> 0.25 | AK6: 0 | AL6: =+AJ6+($D$15/100) -> 0.25 | AM6: 0 | AN6: =+AL6+($D$15/100) -> 0.25
C7: sem/ha | D7: =IF(SUM(J17:X17)=0,0,AVERAGE(J17:X17)) -> 0 | E7: =IF(D7=0,"",100/D7/$D$15*100*10000) | F7: =IF(D7=0,"",STDEV(J17:X17)) | G7: =IF(F7="","",F7/D7) | I7: Surco 2 | AC7: 0 | AD7: =$AD$5 -> 0.25 | AE7: 0 | AF7: =+AD7+($D$15/100) -> 0.25 | AG7: 0 | AH7: =+AF7+($D$15/100) -> 0.25 | AI7: 0 | AJ7: =+AH7+($D$15/100) -> 0.25 | AK7: 0 | AL7: =+AJ7+($D$15/100) -> 0.25 | AM7: 0 | AN7: =+AL7+($D$15/100) -> 0.25
B8: Antecesor: | D8: =IF(SUM(J18:X18)=0,0,AVERAGE(J18:X18)) -> 0 | E8: =IF(D8=0,"",100/D8/$D$15*100*10000) | F8: =IF(D8=0,"",STDEV(J18:X18)) | G8: =IF(F8="","",F8/D8) | H8: Sector 2 | I8: Surco 1 | AC8: 0 | AD8: =$AD$5 -> 0.25 | AE8: 0 | AF8: =+AD8+($D$15/100) -> 0.25 | AG8: 0 | AH8: =+AF8+($D$15/100) -> 0.25 | AI8: 0 | AJ8: =+AH8+($D$15/100) -> 0.25 | AK8: 0 | AL8: =+AJ8+($D$15/100) -> 0.25 | AM8: 0 | AN8: =+AL8+($D$15/100) -> 0.25
D9: =IF(SUM(J19:X19)=0,0,AVERAGE(J19:X19)) -> 0 | E9: =IF(D9=0,"",100/D9/$D$15*100*10000) | F9: =IF(D9=0,"",STDEV(J19:X19)) | G9: =IF(F9="","",F9/D9) | I9: Surco 2 | AC9: 0 | AD9: =$AD$5 -> 0.25 | AE9: 0 | AF9: =+AD9+($D$15/100) -> 0.25 | AG9: 0 | AH9: =+AF9+($D$15/100) -> 0.25 | AI9: 0 | AJ9: =+AH9+($D$15/100) -> 0.25 | AK9: 0 | AL9: =+AJ9+($D$15/100) -> 0.25 | AM9: 0 | AN9: =+AL9+($D$15/100) -> 0.25
B10: Nombre Contratista: | D10: =IF(SUM(J20:X20)=0,0,AVERAGE(J20:X20)) -> 0 | E10: =IF(D10=0,"",100/D10/$D$15*100*10000) | F10: =IF(D10=0,"",STDEV(J20:X20)) | G10: =IF(F10="","",F10/D10) | H10: Sector 3 | I10: Surco 1 | AC10: 0 | AD10: =$AD$5 -> 0.25 | AE10: 0 | AF10: =+AD10+($D$15/100) -> 0.25 | AG10: 0 | AH10: =+AF10+($D$15/100) -> 0.25 | AI10: 0 | AJ10: =+AH10+($D$15/100) -> 0.25 | AK10: 0 | AL10: =+AJ10+($D$15/100) -> 0.25 | AM10: 0 | AN10: =+AL10+($D$15/100) -> 0.25
D11: =IF(SUM(J21:X21)=0,0,AVERAGE(J21:X21)) -> 0 | E11: =IF(D11=0,"",100/D11/$D$15*100*10000) | F11: =IF(D11=0,"",STDEV(J21:X21)) | G11: =IF(F11="","",F11/D11) | I11: Surco 2 | AC11: 0 | AD11: =$AD$5 -> 0.25 | AE11: 0 | AF11: =+AD11+($D$15/100) -> 0.25 | AG11: 0 | AH11: =+AF11+($D$15/100) -> 0.25 | AI11: 0 | AJ11: =+AH11+($D$15/100) -> 0.25 | AK11: 0 | AL11: =+AJ11+($D$15/100) -> 0.25 | AM11: 0 | AN11: =+AL11+($D$15/100) -> 0.25
B12: Sembradora: | AC12: 0 | AD12: =$AD$5 -> 0.25 | AE12: 0 | AF12: =+AD12+($D$15/100) -> 0.25 | AG12: 0 | AH12: =+AF12+($D$15/100) -> 0.25 | AI12: 0 | AJ12: =+AH12+($D$15/100) -> 0.25 | AK12: 0 | AL12: =+AJ12+($D$15/100) -> 0.25 | AM12: 0 | AN12: =+AL12+($D$15/100) -> 0.25
AC13: 0 | AD13: =$AD$5 -> 0.25 | AE13: 0 | AF13: =+AD13+($D$15/100) -> 0.25 | AG13: 0 | AH13: =+AF13+($D$15/100) -> 0.25 | AI13: 0 | AJ13: =+AH13+($D$15/100) -> 0.25 | AK13: 0 | AL13: =+AJ13+($D$15/100) -> 0.25 | AM13: 0 | AN13: =+AL13+($D$15/100) -> 0.25
D14: =IF(COUNTIF(D6:D13,">0"),SUM(D6:D13)/COUNTIF(D6:D13,">0"),"") | J14: Distancia entre plantas | AC14: 0 | AD14: =$AD$5 -> 0.25 | AE14: 0 | AF14: =+AD14+($D$15/100) -> 0.25 | AG14: 0 | AH14: =+AF14+($D$15/100) -> 0.25 | AI14: 0 | AJ14: =+AH14+($D$15/100) -> 0.25 | AK14: 0 | AL14: =+AJ14+($D$15/100) -> 0.25 | AM14: 0 | AN14: =+AL14+($D$15/100) -> 0.25
B15: Distancia e/surcos (cm) | E15: cm | F15: % Logro | J15: 1-2 | K15: 2-3 | L15: 3-4 | M15: 4-5 | N15: 5-6 | O15: 6-7 | P15: 7-8 | Q15: 8-9 | R15: 9-10 | S15: 10-11 | T15: 11-12 | U15: 12-13 | V15: 13-14 | W15: 14-15 | X15: 15-16 | AC15: 0 | AD15: =$AD$5 -> 0.25 | AE15: 0 | AF15: =+AD15+($D$15/100) -> 0.25 | AG15: 0 | AH15: =+AF15+($D$15/100) -> 0.25 | AI15: 0 | AJ15: =+AH15+($D$15/100) -> 0.25 | AK15: 0 | AL15: =+AJ15+($D$15/100) -> 0.25 | AM15: 0 | AN15: =+AL15+($D$15/100) -> 0.25
B16: Logro promedio de plantas | D16: =IF(SUM(E6:E13)=0,0,AVERAGE(E6:E13)) -> 0 | E16: ptas./ha | F16: =+IF(B7="","",D16/B7*100) | J16: =J6 -> 0 | K16: =K6-J6 -> 0 | L16: =L6-K6 -> 0 | M16: =M6-L6 -> 0 | N16: =N6-M6 -> 0 | O16: =O6-N6 -> 0 | P16: =P6-O6 -> 0 | Q16: =Q6-P6 -> 0 | R16: =R6-Q6 -> 0 | ... X16: =X6-W6 -> 0 | AC16: 0 | AD16: =$AD$5 -> 0.25 | AE16: 0 | AF16: =+AD16+($D$15/100) -> 0.25 | AG16: 0 | AH16: =+AF16+($D$15/100) -> 0.25 | AI16: 0 | AJ16: =+AH16+($D$15/100) -> 0.25 | AK16: 0 | AL16: =+AJ16+($D$15/100) -> 0.25 | AM16: 0 | AN16: =+AL16+($D$15/100) -> 0.25
B17: Desvío uniformidad planteo | D17: =IF(SUM(F6:F13)=0,0,AVERAGE(F6:F13)) -> 0 | E17: cm | J17: =J7 -> 0 | K17: =K7-J7 -> 0 | L17: =L7-K7 -> 0 | M17: =M7-L7 -> 0 | N17: =N7-M7 -> 0 | O17: =O7-N7 -> 0 | P17: =P7-O7 -> 0 | Q17: =Q7-P7 -> 0 | R17: =R7-Q7 -> 0 | ... X17: =X7-W7 -> 0 | AC17: 0 | AD17: =$AD$5 -> 0.25 | AE17: 0 | AF17: =+AD17+($D$15/100) -> 0.25 | AG17: 0 | AH17: =+AF17+($D$15/100) -> 0.25 | AI17: 0 | AJ17: =+AH17+($D$15/100) -> 0.25 | AK17: 0 | AL17: =+AJ17+($D$15/100) -> 0.25 | AM17: 0 | AN17: =+AL17+($D$15/100) -> 0.25
B18: COEFICIENTE DE VARIACIÓN | D18: =IF(SUM(G6:G13)=0,0,AVERAGE(G6:G13)) -> 0 | J18: =J8 -> 0 | K18: =K8-J8 -> 0 | L18: =L8-K8 -> 0 | M18: =M8-L8 -> 0 | N18: =N8-M8 -> 0 | O18: =O8-N8 -> 0 | P18: =P8-O8 -> 0 | Q18: =Q8-P8 -> 0 | R18: =R8-Q8 -> 0 | ... X18: =X8-W8 -> 0
J19: =J9 -> 0 | K19: =K9-J9 -> 0 | L19: =L9-K9 -> 0 | M19: =M9-L9 -> 0 | N19: =N9-M9 -> 0 | O19: =O9-N9 -> 0 | P19: =P9-O9 -> 0 | Q19: =Q9-P9 -> 0 | R19: =R9-Q9 -> 0 | ... X19: =X9-W9 -> 0 | AC19: DISTANCIAMIENTO ENTRE PLANTAS IDEAL-DATOS ORIGEN GRAFICO
B20: Distribución espacial | J20: =J10 -> 0 | K20: =K10-J10 -> 0 | L20: =L10-K10 -> 0 | M20: =M10-L10 -> 0 | N20: =N10-M10 -> 0 | O20: =O10-N10 -> 0 | P20: =P10-O10 -> 0 | Q20: =Q10-P10 -> 0 | R20: =R10-Q10 -> 0 | ... X20: =X10-W10 -> 0 | AC20: =100/(AI23/(100*(100/($D$15/100)))) -> #DIV/0! | AD20: =+$AC$20*J5 -> #DIV/0! | AE20: =+$AC$20*K5 -> #DIV/0! | AF20: =+$AC$20*L5 -> #DIV/0! | AG20: =+$AC$20*M5 -> #DIV/0! | AH20: =+$AC$20*N5 -> #DIV/0! | AI20: =+$AC$20*O5 -> #DIV/0! | AJ20: =+$AC$20*P5 -> #DIV/0! | AK20: =+$AC$20*Q5 -> #DIV/0! | ... AQ20: =+$AC$20*W5 -> #DIV/0!
J21: =J11 -> 0 | K21: =K11-J11 -> 0 | L21: =L11-K11 -> 0 | M21: =M11-L11 -> 0 | N21: =N11-M11 -> 0 | O21: =O11-N11 -> 0 | P21: =P11-O11 -> 0 | Q21: =Q11-P11 -> 0 | R21: =R11-Q11 -> 0 | ... X21: =X11-W11 -> 0 | AC21: =+$AN$5+($D$15/100) -> 0.25 | AD21: =+$AN$5+($D$15/100) -> 0.25 | AE21: =+$AN$5+($D$15/100) -> 0.25 | AF21: =+$AN$5+($D$15/100) -> 0.25 | AG21: =+$AN$5+($D$15/100) -> 0.25 | AH21: =+$AN$5+($D$15/100) -> 0.25 | AI21: =+$AN$5+($D$15/100) -> 0.25 | AJ21: =+$AN$5+($D$15/100) -> 0.25 | ... AQ21: =+$AN$5+($D$15/100) -> 0.25
AC23: PL/HA-DATO ORIGEN GRAFICO= | AI23: =IF(B7="",D16,B7) -> 0
AC26: Densidad de siembra | AH26: =B7 -> 0
AC27: Distancia entre surcos | AH27: =D15/100 -> 0
AC28: Distancia eq 10 m2 (m) | AH28: =IF(AH27="","",10/AH27) -> #DIV/0!
J29: Observaciones: | AC29: Semillas/m lineal | AH29: =IF(AH27="","",1*(AH26/1000)/AH28) -> #DIV/0!
AC30: Distancia e/semillas(cm) | AH30: =IF(AH29="","",1/AH29*100) -> #DIV/0!
AC32: Doble (cm) | AH32: =IF(AH30="","",3) -> #DIV/0!
AC33: Fallo (cm) | AH33: =IF(AH27="","",2*AH30) -> #DIV/0!
AC34: Aceptable

Sheet L20
B1: RECUENTOS POR LOTE - MAIZ | AC1: Distanciamiento entre plantas- DATOS DE ORIGEN GRAFICO
B2: Establecimiento: | F2: Fecha: | K2: Estado Fenológico:
AC3: Sector 1 | AG3: Sector 2 | AK3: Sector 3
B4: Potrero: | D4: Dist.med. | E4: Plantas | F4: Desvío | G4: C.V. | H4: Distancias acumuladas entre plantas | AC4: S 1 | AE4: S 2 | AG4: S 1 | AI4: S 2 | AK4: S 1 | AM4: S 2
B5: Sitio: | D5: cm | E5: por ha | F5: plant.cm | J5: 2 | K5: 3 | L5: 4 | M5: 5 | N5: 6 | O5: 7 | P5: 8 | Q5: 9 | R5: 10 | S5: 11 | T5: 12 | U5: 13 | V5: 14 | W5: 15 | X5: 16 | AC5: {=TRANSPOSE(J6:X6)} -> 0 | AD5: 0.25 | AE5: {=TRANSPOSE(J7:X7)} -> 0 | AF5: =+AD5+($D$15/100) -> 0.25 | AG5: {=TRANSPOSE(J8:X8)} -> 0 | AH5: =+AF5+($D$15/100) -> 0.25 | AI5: {=TRANSPOSE(J9:X9)} -> 0 | AJ5: =+AH5+($D$15/100) -> 0.25 | AK5: {=TRANSPOSE(J10:X10)} -> 0 | AL5: =+AJ5+($D$15/100) -> 0.25 | AM5: {=TRANSPOSE(J11:X11)} -> 0 | AN5: =+AL5+($D$15/100) -> 0.25
B6: Densidad de Siembra: | D6: =IF(SUM(J16:X16)=0,0,AVERAGE(J16:X16)) -> 0 | E6: =IF(D6=0,"",100/D6/$D$15*100*10000) | F6: =IF(D6=0,"",STDEV(J16:X16)) | G6: =IF(F6="","",F6/D6) | H6: Sector 1 | I6: Surco 1 | AC6: 0 | AD6: =$AD$5 -> 0.25 | AE6: 0 | AF6: =+AD6+($D$15/100) -> 0.25 | AG6: 0 | AH6: =+AF6+($D$15/100) -> 0.25 | AI6: 0 | AJ6: =+AH6+($D$15/100) -> 0.25 | AK6: 0 | AL6: =+AJ6+($D$15/100) -> 0.25 | AM6: 0 | AN6: =+AL6+($D$15/100) -> 0.25
C7: sem/ha | D7: =IF(SUM(J17:X17)=0,0,AVERAGE(J17:X17)) -> 0 | E7: =IF(D7=0,"",100/D7/$D$15*100*10000) | F7: =IF(D7=0,"",STDEV(J17:X17)) | G7: =IF(F7="","",F7/D7) | I7: Surco 2 | AC7: 0 | AD7: =$AD$5 -> 0.25 | AE7: 0 | AF7: =+AD7+($D$15/100) -> 0.25 | AG7: 0 | AH7: =+AF7+($D$15/100) -> 0.25 | AI7: 0 | AJ7: =+AH7+($D$15/100) -> 0.25 | AK7: 0 | AL7: =+AJ7+($D$15/100) -> 0.25 | AM7: 0 | AN7: =+AL7+($D$15/100) -> 0.25
B8: Antecesor: | D8: =IF(SUM(J18:X18)=0,0,AVERAGE(J18:X18)) -> 0 | E8: =IF(D8=0,"",100/D8/$D$15*100*10000) | F8: =IF(D8=0,"",STDEV(J18:X18)) | G8: =IF(F8="","",F8/D8) | H8: Sector 2 | I8: Surco 1 | AC8: 0 | AD8: =$AD$5 -> 0.25 | AE8: 0 | AF8: =+AD8+($D$15/100) -> 0.25 | AG8: 0 | AH8: =+AF8+($D$15/100) -> 0.25 | AI8: 0 | AJ8: =+AH8+($D$15/100) -> 0.25 | AK8: 0 | AL8: =+AJ8+($D$15/100) -> 0.25 | AM8: 0 | AN8: =+AL8+($D$15/100) -> 0.25
D9: =IF(SUM(J19:X19)=0,0,AVERAGE(J19:X19)) -> 0 | E9: =IF(D9=0,"",100/D9/$D$15*100*10000) | F9: =IF(D9=0,"",STDEV(J19:X19)) | G9: =IF(F9="","",F9/D9) | I9: Surco 2 | AC9: 0 | AD9: =$AD$5 -> 0.25 | AE9: 0 | AF9: =+AD9+($D$15/100) -> 0.25 | AG9: 0 | AH9: =+AF9+($D$15/100) -> 0.25 | AI9: 0 | AJ9: =+AH9+($D$15/100) -> 0.25 | AK9: 0 | AL9: =+AJ9+($D$15/100) -> 0.25 | AM9: 0 | AN9: =+AL9+($D$15/100) -> 0.25
B10: Nombre Contratista: | D10: =IF(SUM(J20:X20)=0,0,AVERAGE(J20:X20)) -> 0 | E10: =IF(D10=0,"",100/D10/$D$15*100*10000) | F10: =IF(D10=0,"",STDEV(J20:X20)) | G10: =IF(F10="","",F10/D10) | H10: Sector 3 | I10: Surco 1 | AC10: 0 | AD10: =$AD$5 -> 0.25 | AE10: 0 | AF10: =+AD10+($D$15/100) -> 0.25 | AG10: 0 | AH10: =+AF10+($D$15/100) -> 0.25 | AI10: 0 | AJ10: =+AH10+($D$15/100) -> 0.25 | AK10: 0 | AL10: =+AJ10+($D$15/100) -> 0.25 | AM10: 0 | AN10: =+AL10+($D$15/100) -> 0.25
D11: =IF(SUM(J21:X21)=0,0,AVERAGE(J21:X21)) -> 0 | E11: =IF(D11=0,"",100/D11/$D$15*100*10000) | F11: =IF(D11=0,"",STDEV(J21:X21)) | G11: =IF(F11="","",F11/D11) | I11: Surco 2 | AC11: 0 | AD11: =$AD$5 -> 0.25 | AE11: 0 | AF11: =+AD11+($D$15/100) -> 0.25 | AG11: 0 | AH11: =+AF11+($D$15/100) -> 0.25 | AI11: 0 | AJ11: =+AH11+($D$15/100) -> 0.25 | AK11: 0 | AL11: =+AJ11+($D$15/100) -> 0.25 | AM11: 0 | AN11: =+AL11+($D$15/100) -> 0.25
B12: Sembradora: | AC12: 0 | AD12: =$AD$5 -> 0.25 | AE12: 0 | AF12: =+AD12+($D$15/100) -> 0.25 | AG12: 0 | AH12: =+AF12+($D$15/100) -> 0.25 | AI12: 0 | AJ12: =+AH12+($D$15/100) -> 0.25 | AK12: 0 | AL12: =+AJ12+($D$15/100) -> 0.25 | AM12: 0 | AN12: =+AL12+($D$15/100) -> 0.25
AC13: 0 | AD13: =$AD$5 -> 0.25 | AE13: 0 | AF13: =+AD13+($D$15/100) -> 0.25 | AG13: 0 | AH13: =+AF13+($D$15/100) -> 0.25 | AI13: 0 | AJ13: =+AH13+($D$15/100) -> 0.25 | AK13: 0 | AL13: =+AJ13+($D$15/100) -> 0.25 | AM13: 0 | AN13: =+AL13+($D$15/100) -> 0.25
D14: =IF(COUNTIF(D6:D13,">0"),SUM(D6:D13)/COUNTIF(D6:D13,">0"),"") | J14: Distancia entre plantas | AC14: 0 | AD14: =$AD$5 -> 0.25 | AE14: 0 | AF14: =+AD14+($D$15/100) -> 0.25 | AG14: 0 | AH14: =+AF14+($D$15/100) -> 0.25 | AI14: 0 | AJ14: =+AH14+($D$15/100) -> 0.25 | AK14: 0 | AL14: =+AJ14+($D$15/100) -> 0.25 | AM14: 0 | AN14: =+AL14+($D$15/100) -> 0.25
B15: Distancia e/surcos (cm) | E15: cm | F15: % Logro | J15: 1-2 | K15: 2-3 | L15: 3-4 | M15: 4-5 | N15: 5-6 | O15: 6-7 | P15: 7-8 | Q15: 8-9 | R15: 9-10 | S15: 10-11 | T15: 11-12 | U15: 12-13 | V15: 13-14 | W15: 14-15 | X15: 15-16 | AC15: 0 | AD15: =$AD$5 -> 0.25 | AE15: 0 | AF15: =+AD15+($D$15/100) -> 0.25 | AG15: 0 | AH15: =+AF15+($D$15/100) -> 0.25 | AI15: 0 | AJ15: =+AH15+($D$15/100) -> 0.25 | AK15: 0 | AL15: =+AJ15+($D$15/100) -> 0.25 | AM15: 0 | AN15: =+AL15+($D$15/100) -> 0.25
B16: Logro promedio de plantas | D16: =IF(SUM(E6:E13)=0,0,AVERAGE(E6:E13)) -> 0 | E16: ptas./ha | F16: =+IF(B7="","",D16/B7*100) | J16: =J6 -> 0 | K16: =K6-J6 -> 0 | L16: =L6-K6 -> 0 | M16: =M6-L6 -> 0 | N16: =N6-M6 -> 0 | O16: =O6-N6 -> 0 | P16: =P6-O6 -> 0 | Q16: =Q6-P6 -> 0 | R16: =R6-Q6 -> 0 | ... X16: =X6-W6 -> 0 | AC16: 0 | AD16: =$AD$5 -> 0.25 | AE16: 0 | AF16: =+AD16+($D$15/100) -> 0.25 | AG16: 0 | AH16: =+AF16+($D$15/100) -> 0.25 | AI16: 0 | AJ16: =+AH16+($D$15/100) -> 0.25 | AK16: 0 | AL16: =+AJ16+($D$15/100) -> 0.25 | AM16: 0 | AN16: =+AL16+($D$15/100) -> 0.25
B17: Desvío uniformidad planteo | D17: =IF(SUM(F6:F13)=0,0,AVERAGE(F6:F13)) -> 0 | E17: cm | J17: =J7 -> 0 | K17: =K7-J7 -> 0 | L17: =L7-K7 -> 0 | M17: =M7-L7 -> 0 | N17: =N7-M7 -> 0 | O17: =O7-N7 -> 0 | P17: =P7-O7 -> 0 | Q17: =Q7-P7 -> 0 | R17: =R7-Q7 -> 0 | ... X17: =X7-W7 -> 0 | AC17: 0 | AD17: =$AD$5 -> 0.25 | AE17: 0 | AF17: =+AD17+($D$15/100) -> 0.25 | AG17: 0 | AH17: =+AF17+($D$15/100) -> 0.25 | AI17: 0 | AJ17: =+AH17+($D$15/100) -> 0.25 | AK17: 0 | AL17: =+AJ17+($D$15/100) -> 0.25 | AM17: 0 | AN17: =+AL17+($D$15/100) -> 0.25
B18: COEFICIENTE DE VARIACIÓN | D18: =IF(SUM(G6:G13)=0,0,AVERAGE(G6:G13)) -> 0 | J18: =J8 -> 0 | K18: =K8-J8 -> 0 | L18: =L8-K8 -> 0 | M18: =M8-L8 -> 0 | N18: =N8-M8 -> 0 | O18: =O8-N8 -> 0 | P18: =P8-O8 -> 0 | Q18: =Q8-P8 -> 0 | R18: =R8-Q8 -> 0 | ... X18: =X8-W8 -> 0
J19: =J9 -> 0 | K19: =K9-J9 -> 0 | L19: =L9-K9 -> 0 | M19: =M9-L9 -> 0 | N19: =N9-M9 -> 0 | O19: =O9-N9 -> 0 | P19: =P9-O9 -> 0 | Q19: =Q9-P9 -> 0 | R19: =R9-Q9 -> 0 | ... X19: =X9-W9 -> 0 | AC19: DISTANCIAMIENTO ENTRE PLANTAS IDEAL-DATOS ORIGEN GRAFICO
B20: Distribución espacial | J20: =J10 -> 0 | K20: =K10-J10 -> 0 | L20: =L10-K10 -> 0 | M20: =M10-L10 -> 0 | N20: =N10-M10 -> 0 | O20: =O10-N10 -> 0 | P20: =P10-O10 -> 0 | Q20: =Q10-P10 -> 0 | R20: =R10-Q10 -> 0 | ... X20: =X10-W10 -> 0 | AC20: =100/(AI23/(100*(100/($D$15/100)))) -> #DIV/0! | AD20: =+$AC$20*J5 -> #DIV/0! | AE20: =+$AC$20*K5 -> #DIV/0! | AF20: =+$AC$20*L5 -> #DIV/0! | AG20: =+$AC$20*M5 -> #DIV/0! | AH20: =+$AC$20*N5 -> #DIV/0! | AI20: =+$AC$20*O5 -> #DIV/0! | AJ20: =+$AC$20*P5 -> #DIV/0! | AK20: =+$AC$20*Q5 -> #DIV/0! | ... AQ20: =+$AC$20*W5 -> #DIV/0!
J21: =J11 -> 0 | K21: =K11-J11 -> 0 | L21: =L11-K11 -> 0 | M21: =M11-L11 -> 0 | N21: =N11-M11 -> 0 | O21: =O11-N11 -> 0 | P21: =P11-O11 -> 0 | Q21: =Q11-P11 -> 0 | R21: =R11-Q11 -> 0 | ... X21: =X11-W11 -> 0 | AC21: =+$AN$5+($D$15/100) -> 0.25 | AD21: =+$AN$5+($D$15/100) -> 0.25 | AE21: =+$AN$5+($D$15/100) -> 0.25 | AF21: =+$AN$5+($D$15/100) -> 0.25 | AG21: =+$AN$5+($D$15/100) -> 0.25 | AH21: =+$AN$5+($D$15/100) -> 0.25 | AI21: =+$AN$5+($D$15/100) -> 0.25 | AJ21: =+$AN$5+($D$15/100) -> 0.25 | ... AQ21: =+$AN$5+($D$15/100) -> 0.25
AC23: PL/HA-DATO ORIGEN GRAFICO= | AI23: =IF(B7="",D16,B7) -> 0
AC26: Densidad de siembra | AH26: =B7 -> 0
AC27: Distancia entre surcos | AH27: =D15/100 -> 0
AC28: Distancia eq 10 m2 (m) | AH28: =IF(AH27="","",10/AH27) -> #DIV/0!
J29: Observaciones: | AC29: Semillas/m lineal | AH29: =IF(AH27="","",1*(AH26/1000)/AH28) -> #DIV/0!
AC30: Distancia e/semillas(cm) | AH30: =IF(AH29="","",1/AH29*100) -> #DIV/0!
AC32: Doble (cm) | AH32: =IF(AH30="","",3) -> #DIV/0!
AC33: Fallo (cm) | AH33: =IF(AH27="","",2*AH30) -> #DIV/0!
AC34: Aceptable

Sheet Resumen
B1: RESUMEN
B3: Lote | C3: Sitio | D3: EF | E3: Antecesor | F3: Contratista | G3: Sembradora | H3: DES (cm) | I3: DS sem/ha | J3: Pl logradas pl/ha | K3: % Logro | L3: DP (cm) | M3: Des. DP (cm) | N3: CV (%)
B4: =IF('L1'!$C$4="","",'L1'!$C$4) | C4: =IF('L1'!$C$5="","",'L1'!$C$5) | D4: =IF('L1'!$P$2="","",'L1'!$P$2) | E4: =IF('L1'!$B$9="","",'L1'!$B$9) | F4: =IF('L1'!$B$11="","",'L1'!$B$11) | G4: =IF('L1'!$B$13="","",'L1'!$B$13) | H4: =IF('L1'!$D$15="","",'L1'!$D$15) | I4: =IF('L1'!$B$7="","",'L1'!$B$7) | J4: =IF('L1'!$D$16=0,"",'L1'!$D$16) | K4: =IF(I4="","",(J4/I4)*100) | L4: =IF('L1'!$D$14="","",'L1'!$D$14) | M4: =IF('L1'!$D$17=0,"",'L1'!$D$17) | N4: =IF('L1'!$D$18=0,"",'L1'!$D$18)
B5: =IF('L2'!$C$4="","",'L2'!$C$4) | C5: =IF('L2'!$C$5="","",'L2'!$C$5) | D5: =IF('L2'!$P$2="","",'L2'!$P$2) | E5: =IF('L2'!$B$9="","",'L2'!$B$9) | F5: =IF('L2'!$B$11="","",'L2'!$B$11) | G5: =IF('L2'!$B$13="","",'L2'!$B$13) | H5: =IF('L2'!$D$15="","",'L2'!$D$15) | I5: =IF('L2'!$B$7="","",'L2'!$B$7) | J5: =IF('L2'!$D$16=0,"",'L2'!$D$16) | K5: =IF(I5="","",(J5/I5)*100) | L5: =IF('L2'!$D$14="","",'L2'!$D$14) | M5: =IF('L2'!$D$17=0,"",'L2'!$D$17) | N5: =IF('L2'!$D$18=0,"",'L2'!$D$18)
B6: =IF('L3'!$C$4="","",'L3'!$C$4) | C6: =IF('L3'!$C$5="","",'L3'!$C$5) | D6: =IF('L3'!$P$2="","",'L3'!$P$2) | E6: =IF('L3'!$B$9="","",'L3'!$B$9) | F6: =IF('L3'!$B$11="","",'L3'!$B$11) | G6: =IF('L3'!$B$13="","",'L3'!$B$13) | H6: =IF('L3'!$D$15="","",'L3'!$D$15) | I6: =IF('L3'!$B$7="","",'L3'!$B$7) | J6: =IF('L3'!$D$16=0,"",'L3'!$D$16) | K6: =IF(I6="","",(J6/I6)*100) | L6: =IF('L3'!$D$14="","",'L3'!$D$14) | M6: =IF('L3'!$D$17=0,"",'L3'!$D$17) | N6: =IF('L3'!$D$18=0,"",'L3'!$D$18)
B7: =IF('L4'!$C$4="","",'L4'!$C$4) | C7: =IF('L4'!$C$5="","",'L4'!$C$5) | D7: =IF('L4'!$P$2="","",'L4'!$P$2) | E7: =IF('L4'!$B$9="","",'L4'!$B$9) | F7: =IF('L4'!$B$11="","",'L4'!$B$11) | G7: =IF('L4'!$B$13="","",'L4'!$B$13) | H7: =IF('L4'!$D$15="","",'L4'!$D$15) | I7: =IF('L4'!$B$7="","",'L4'!$B$7) | J7: =IF('L4'!$D$16=0,"",'L4'!$D$16) | K7: =IF(I7="","",(J7/I7)*100) | L7: =IF('L4'!$D$14="","",'L4'!$D$14) | M7: =IF('L4'!$D$17=0,"",'L4'!$D$17) | N7: =IF('L4'!$D$18=0,"",'L4'!$D$18)
B8: =IF('L5'!$C$4="","",'L5'!$C$4) | C8: =IF('L5'!$C$5="","",'L5'!$C$5) | D8: =IF('L5'!$P$2="","",'L5'!$P$2) | E8: =IF('L5'!$B$9="","",'L5'!$B$9) | F8: =IF('L5'!$B$11="","",'L5'!$B$11) | G8: =IF('L5'!$B$13="","",'L5'!$B$13) | H8: =IF('L5'!$D$15="","",'L5'!$D$15) | I8: =IF('L5'!$B$7="","",'L5'!$B$7) | J8: =IF('L5'!$D$16=0,"",'L5'!$D$16) | K8: =IF(I8="","",(J8/I8)*100) | L8: =IF('L5'!$D$14="","",'L5'!$D$14) | M8: =IF('L5'!$D$17=0,"",'L5'!$D$17) | N8: =IF('L5'!$D$18=0,"",'L5'!$D$18)
B9: =IF('L6'!$C$4="","",'L6'!$C$4) | C9: =IF('L6'!$C$5="","",'L6'!$C$5) | D9: =IF('L6'!$P$2="","",'L6'!$P$2) | E9: =IF('L6'!$B$9="","",'L6'!$B$9) | F9: =IF('L6'!$B$11="","",'L6'!$B$11) | G9: =IF('L6'!$B$13="","",'L6'!$B$13) | H9: =IF('L6'!$D$15="","",'L6'!$D$15) | I9: =IF('L6'!$B$7="","",'L6'!$B$7) | J9: =IF('L6'!$D$16=0,"",'L6'!$D$16) | K9: =IF(I9="","",(J9/I9)*100) | L9: =IF('L6'!$D$14="","",'L6'!$D$14) | M9: =IF('L6'!$D$17=0,"",'L6'!$D$17) | N9: =IF('L6'!$D$18=0,"",'L6'!$D$18)
B10: =IF('L7'!$C$4="","",'L7'!$C$4) | C10: =IF('L7'!$C$5="","",'L7'!$C$5) | D10: =IF('L7'!$P$2="","",'L7'!$P$2) | E10: =IF('L7'!$B$9="","",'L7'!$B$9) | F10: =IF('L7'!$B$11="","",'L7'!$B$11) | G10: =IF('L7'!$B$13="","",'L7'!$B$13) | H10: =IF('L7'!$D$15="","",'L7'!$D$15) | I10: =IF('L7'!$B$7="","",'L7'!$B$7) | J10: =IF('L7'!$D$16=0,"",'L7'!$D$16) | K10: =IF(I10="","",(J10/I10)*100) | L10: =IF('L7'!$D$14="","",'L7'!$D$14) | M10: =IF('L7'!$D$17=0,"",'L7'!$D$17) | N10: =IF('L7'!$D$18=0,"",'L7'!$D$18)
B11: =IF('L8'!$C$4="","",'L8'!$C$4) | C11: =IF('L8'!$C$5="","",'L8'!$C$5) | D11: =IF('L8'!$P$2="","",'L8'!$P$2) | E11: =IF('L8'!$B$9="","",'L8'!$B$9) | F11: =IF('L8'!$B$11="","",'L8'!$B$11) | G11: =IF('L8'!$B$13="","",'L8'!$B$13) | H11: =IF('L8'!$D$15="","",'L8'!$D$15) | I11: =IF('L8'!$B$7="","",'L8'!$B$7) | J11: =IF('L8'!$D$16=0,"",'L8'!$D$16) | K11: =IF(I11="","",(J11/I11)*100) | L11: =IF('L8'!$D$14="","",'L8'!$D$14) | M11: =IF('L8'!$D$17=0,"",'L8'!$D$17) | N11: =IF('L8'!$D$18=0,"",'L8'!$D$18)
B12: =IF('L9'!$C$4="","",'L9'!$C$4) | C12: =IF('L9'!$C$5="","",'L9'!$C$5) | D12: =IF('L9'!$P$2="","",'L9'!$P$2) | E12: =IF('L9'!$B$9="","",'L9'!$B$9) | F12: =IF('L9'!$B$11="","",'L9'!$B$11) | G12: =IF('L9'!$B$13="","",'L9'!$B$13) | H12: =IF('L9'!$D$15="","",'L9'!$D$15) | I12: =IF('L9'!$B$7="","",'L9'!$B$7) | J12: =IF('L9'!$D$16=0,"",'L9'!$D$16) | K12: =IF(I12="","",(J12/I12)*100) | L12: =IF('L9'!$D$14="","",'L9'!$D$14) | M12: =IF('L9'!$D$17=0,"",'L9'!$D$17) | N12: =IF('L9'!$D$18=0,"",'L9'!$D$18)
B13: =IF('L10'!$C$4="","",'L10'!$C$4) | C13: =IF('L10'!$C$5="","",'L10'!$C$5) | D13: =IF('L10'!$P$2="","",'L10'!$P$2) | E13: =IF('L10'!$B$9="","",'L10'!$B$9) | F13: =IF('L10'!$B$11="","",'L10'!$B$11) | G13: =IF('L10'!$B$13="","",'L10'!$B$13) | H13: =IF('L10'!$D$15="","",'L10'!$D$15) | I13: =IF('L10'!$B$7="","",'L10'!$B$7) | J13: =IF('L10'!$D$16=0,"",'L10'!$D$16) | K13: =IF(I13="","",(J13/I13)*100) | L13: =IF('L10'!$D$14="","",'L10'!$D$14) | M13: =IF('L10'!$D$17=0,"",'L10'!$D$17) | N13: =IF('L10'!$D$18=0,"",'L10'!$D$18)
B14: =IF('L11'!$C$4="","",'L11'!$C$4) | C14: =IF('L11'!$C$5="","",'L11'!$C$5) | D14: =IF('L11'!$P$2="","",'L11'!$P$2) | E14: =IF('L11'!$B$9="","",'L11'!$B$9) | F14: =IF('L11'!$B$11="","",'L11'!$B$11) | G14: =IF('L11'!$B$13="","",'L11'!$B$13) | H14: =IF('L11'!$D$15="","",'L11'!$D$15) | I14: =IF('L11'!$B$7="","",'L11'!$B$7) | J14: =IF('L11'!$D$16=0,"",'L11'!$D$16) | K14: =IF(I14="","",(J14/I14)*100) | L14: =IF('L11'!$D$14="","",'L11'!$D$14) | M14: =IF('L11'!$D$17=0,"",'L11'!$D$17) | N14: =IF('L11'!$D$18=0,"",'L11'!$D$18)
B15: =IF('L12'!$C$4="","",'L12'!$C$4) | C15: =IF('L12'!$C$5="","",'L12'!$C$5) | D15: =IF('L12'!$P$2="","",'L12'!$P$2) | E15: =IF('L12'!$B$9="","",'L12'!$B$9) | F15: =IF('L12'!$B$11="","",'L12'!$B$11) | G15: =IF('L12'!$B$13="","",'L12'!$B$13) | H15: =IF('L12'!$D$15="","",'L12'!$D$15) | I15: =IF('L12'!$B$7="","",'L12'!$B$7) | J15: =IF('L12'!$D$16=0,"",'L12'!$D$16) | K15: =IF(I15="","",(J15/I15)*100) | L15: =IF('L12'!$D$14="","",'L12'!$D$14) | M15: =IF('L12'!$D$17=0,"",'L12'!$D$17) | N15: =IF('L12'!$D$18=0,"",'L12'!$D$18)
B16: =IF('L13'!$C$4="","",'L13'!$C$4) | C16: =IF('L13'!$C$5="","",'L13'!$C$5) | D16: =IF('L13'!$P$2="","",'L13'!$P$2) | E16: =IF('L13'!$B$9="","",'L13'!$B$9) | F16: =IF('L13'!$B$11="","",'L13'!$B$11) | G16: =IF('L13'!$B$13="","",'L13'!$B$13) | H16: =IF('L13'!$D$15="","",'L13'!$D$15) | I16: =IF('L13'!$B$7="","",'L13'!$B$7) | J16: =IF('L13'!$D$16=0,"",'L13'!$D$16) | K16: =IF(I16="","",(J16/I16)*100) | L16: =IF('L13'!$D$14="","",'L13'!$D$14) | M16: =IF('L13'!$D$17=0,"",'L13'!$D$17) | N16: =IF('L13'!$D$18=0,"",'L13'!$D$18)
B17: =IF('L14'!$C$4="","",'L14'!$C$4) | C17: =IF('L14'!$C$5="","",'L14'!$C$5) | D17: =IF('L14'!$P$2="","",'L14'!$P$2) | E17: =IF('L14'!$B$9="","",'L14'!$B$9) | F17: =IF('L14'!$B$11="","",'L14'!$B$11) | G17: =IF('L14'!$B$13="","",'L14'!$B$13) | H17: =IF('L14'!$D$15="","",'L14'!$D$15) | I17: =IF('L14'!$B$7="","",'L14'!$B$7) | J17: =IF('L14'!$D$16=0,"",'L14'!$D$16) | K17: =IF(I17="","",(J17/I17)*100) | L17: =IF('L14'!$D$14="","",'L14'!$D$14) | M17: =IF('L14'!$D$17=0,"",'L14'!$D$17) | N17: =IF('L14'!$D$18=0,"",'L14'!$D$18)
B18: =IF('L15'!$C$4="","",'L15'!$C$4) | C18: =IF('L15'!$C$5="","",'L15'!$C$5) | D18: =IF('L15'!$P$2="","",'L15'!$P$2) | E18: =IF('L15'!$B$9="","",'L15'!$B$9) | F18: =IF('L15'!$B$11="","",'L15'!$B$11) | G18: =IF('L15'!$B$13="","",'L15'!$B$13) | H18: =IF('L15'!$D$15="","",'L15'!$D$15) | I18: =IF('L15'!$B$7="","",'L15'!$B$7) | J18: =IF('L15'!$D$16=0,"",'L15'!$D$16) | K18: =IF(I18="","",(J18/I18)*100) | L18: =IF('L15'!$D$14="","",'L15'!$D$14) | M18: =IF('L15'!$D$17=0,"",'L15'!$D$17) | N18: =IF('L15'!$D$18=0,"",'L15'!$D$18)
B19: =IF('L16'!$C$4="","",'L16'!$C$4) | C19: =IF('L16'!$C$5="","",'L16'!$C$5) | D19: =IF('L16'!$P$2="","",'L16'!$P$2) | E19: =IF('L16'!$B$9="","",'L16'!$B$9) | F19: =IF('L16'!$B$11="","",'L16'!$B$11) | G19: =IF('L16'!$B$13="","",'L16'!$B$13) | H19: =IF('L16'!$D$15="","",'L16'!$D$15) | I19: =IF('L16'!$B$7="","",'L16'!$B$7) | J19: =IF('L16'!$D$16=0,"",'L16'!$D$16) | K19: =IF(I19="","",(J19/I19)*100) | L19: =IF('L16'!$D$14="","",'L16'!$D$14) | M19: =IF('L16'!$D$17=0,"",'L16'!$D$17) | N19: =IF('L16'!$D$18=0,"",'L16'!$D$18)
B20: =IF('L17'!$C$4="","",'L17'!$C$4) | C20: =IF('L17'!$C$5="","",'L17'!$C$5) | D20: =IF('L17'!$P$2="","",'L17'!$P$2) | E20: =IF('L17'!$B$9="","",'L17'!$B$9) | F20: =IF('L17'!$B$11="","",'L17'!$B$11) | G20: =IF('L17'!$B$13="","",'L17'!$B$13) | H20: =IF('L17'!$D$15="","",'L17'!$D$15) | I20: =IF('L17'!$B$7="","",'L17'!$B$7) | J20: =IF('L17'!$D$16=0,"",'L17'!$D$16) | K20: =IF(I20="","",(J20/I20)*100) | L20: =IF('L17'!$D$14="","",'L17'!$D$14) | M20: =IF('L17'!$D$17=0,"",'L17'!$D$17) | N20: =IF('L17'!$D$18=0,"",'L17'!$D$18)
B21: =IF('L18'!$C$4="","",'L18'!$C$4) | C21: =IF('L18'!$C$5="","",'L18'!$C$5) | D21: =IF('L18'!$P$2="","",'L18'!$P$2) | E21: =IF('L18'!$B$9="","",'L18'!$B$9) | F21: =IF('L18'!$B$11="","",'L18'!$B$11) | G21: =IF('L18'!$B$13="","",'L18'!$B$13) | H21: =IF('L18'!$D$15="","",'L18'!$D$15) | I21: =IF('L18'!$B$7="","",'L18'!$B$7) | J21: =IF('L18'!$D$16=0,"",'L18'!$D$16) | K21: =IF(I21="","",(J21/I21)*100) | L21: =IF('L18'!$D$14="","",'L18'!$D$14) | M21: =IF('L18'!$D$17=0,"",'L18'!$D$17) | N21: =IF('L18'!$D$18=0,"",'L18'!$D$18)
B22: =IF('L19'!$C$4="","",'L19'!$C$4) | C22: =IF('L19'!$C$5="","",'L19'!$C$5) | D22: =IF('L19'!$P$2="","",'L19'!$P$2) | E22: =IF('L19'!$B$9="","",'L19'!$B$9) | F22: =IF('L19'!$B$11="","",'L19'!$B$11) | G22: =IF('L19'!$B$13="","",'L19'!$B$13) | H22: =IF('L19'!$D$15="","",'L19'!$D$15) | I22: =IF('L19'!$B$7="","",'L19'!$B$7) | J22: =IF('L19'!$D$16=0,"",'L19'!$D$16) | K22: =IF(I22="","",(J22/I22)*100) | L22: =IF('L19'!$D$14="","",'L19'!$D$14) | M22: =IF('L19'!$D$17=0,"",'L19'!$D$17) | N22: =IF('L19'!$D$18=0,"",'L19'!$D$18)
B23: =IF('L20'!$C$4="","",'L20'!$C$4) | C23: =IF('L20'!$C$5="","",'L20'!$C$5) | D23: =IF('L20'!$P$2="","",'L20'!$P$2) | E23: =IF('L20'!$B$9="","",'L20'!$B$9) | F23: =IF('L20'!$B$11="","",'L20'!$B$11) | G23: =IF('L20'!$B$13="","",'L20'!$B$13) | H23: =IF('L20'!$D$15="","",'L20'!$D$15) | I23: =IF('L20'!$B$7="","",'L20'!$B$7) | J23: =IF('L20'!$D$16=0,"",'L20'!$D$16) | K23: =IF(I23="","",(J23/I23)*100) | L23: =IF('L20'!$D$14="","",'L20'!$D$14) | M23: =IF('L20'!$D$17=0,"",'L20'!$D$17) | N23: =IF('L20'!$D$18=0,"",'L20'!$D$18)
B24: Prom. | I24: =IF(COUNTIF(I4:I23,">0"),SUM(I4:I23)/COUNTIF(I4:I23,">0"),"") | J24: =IF(COUNTIF(J4:J23,">0"),SUM(J4:J23)/COUNTIF(J4:J23,">0"),"") | K24: =IF(COUNTIF(K4:K23,">0"),SUM(K4:K23)/COUNTIF(K4:K23,">0"),"") | L24: =IF(COUNTIF(L4:L23,">0"),SUM(L4:L23)/COUNTIF(L4:L23,">0"),"") | M24: =IF(COUNTIF(M4:M23,">0"),SUM(M4:M23)/COUNTIF(M4:M23,">0"),"") | N24: =IF(COUNTIF(N4:N23,">0"),SUM(N4:N23)/COUNTIF(N4:N23,">0"),"")
B27: EF | C27: Estado Fenológico
B28: DES | C28: Distancia entre surcos
B29: DS | C29: Densidad de Siembra
B30: DP | C30: Distancia Promedio
B31: Des. DP | C31: Desvío Distancia Promedio
B32: CV | C32: Coeficiente de Variación
B33: Cerca | C33: % de plantas a MENOS de un 50% del distaciamiento ideal
B34: Lejos | C34: % de plantas a MAS de un 50% del distaciamiento ideal
B35: Uniformidad | C35: Distanciamiento conforme al ideal ±50%

Sheet Graficos
